,smiles,score
0,CC1=NNC(NC2=NN(C(C)C)C(=O)C3=CC(CO)=CC=C23)=C1,3.787668445111084
1,COC1=CC=C(C2=CSC3=NC(C4=CC=CC=C4)=C(NC(C)(C)CC(C)(C)C)N23)C=C1,3.705753381106819
2,CC1=CC(C)=C(OC2=CC(NC3CCN(CC4=CC=CC=C4)CC3)=NC3=NC=NN23)C(C)=C1,3.826231767866327
3,NC1=NC2=C(Cl)C=CC(Cl)=C2S1,2.0615262237726917
4,COC1=CC=CC=C1N1CCN(CCCCN2N=C3C=CC=CC3=N2)CC1,3.436271695608365
5,CC(O)C(C(=O)O)N(C)C(=O)C(OCC1=CC=CC=C1)C(O)C(O)C(OCC1=CC=CC=C1)C(=O)N(C)C(C(=O)O)C(C)O,2.3305285333689953
6,O=C1OC(C2=CC=CC=C2)C(=O)N1CCN1CCN(C2=CC=C([N+](=O)[O-])C=C2)CC1,3.38447714080331
7,CC1=CC=CC(CN2CC3(CCN(CC4=CC=CO4)CC3)OCC2=O)=N1,4.544246830435539
8,CC1=CC=C2NC3=C(C4=C(C(=O)NC4=O)C4=CC=NN43)C2=C1,3.9079701013001182
9,CSC(=S)NNC(=O)CCC1CCCCC1,2.7674207133252646
10,CCC1OC(=O)C(C)C(OC2CC(C)(OC)C(OC)C(C)O2)C(C)C(OC2OC(C)CC(N(C)C)C2O)C(C)(OC)CC(C)N(C)CC(C)C(OC)C1(C)OC,4.415279631250019
11,N#CC(NNC(=O)CC1=CC=CC=C1)C1=C(O)C=CC2=CC=CC=C12,2.877641605065607
12,CC1=CC(C)=C(C2=C(O)C(C)(C)N(OCC3CCCCC3)C2=O)C(C)=C1,3.819338153309292
13,CN(C)C(=N)C1=CC=C(NC(=O)C2=NN=NN2C2=CC3=CC=CC=C3C=C2F)C(F)=C1,4.45800989601913
14,CCOC(=O)C1=C(C)N=C2N=C3CCCCC3=C(N)C2=C1C1=CC=C(OC)C=C1,3.793563738472662
15,COC(=O)C1=CC(N)C(O)C(OCC2=CC=C3C=CC=CC3=C2)C1,2.977889100950157
16,C1=CC2=NSN=C2C2=C1CCNC2,2.982416212184505
17,N#CC1=C(C2=CC=C(Cl)C=C2)C(C2=CC=C(Cl)C=C2)=NN(CCO)C1=O,3.483734178390706
18,C#CCN1C(C2=CC=C(C)C=C2)=CC2=C1CCC2,3.347005235399427
19,CC1OC2OC3C(OCC(O)C3O)OC(=O)C34CCC5C(=CCC6C5(C)CCC5C(C)(C)C(OC7OC(CO)C(O)C(O)C7OC7OC(CO)C(O)C(O)C7OC(=O)CC(C)(O)CC(=O)OC1C(O)C2O)C(O)CC56C)C3CC(C)(C)CC4,4.76888731803476
20,COC1=CC=CC=C1NC(=O)CSC1=NC2=CC=CC=C2C2=NC(CC(=O)NCC3=CC=CS3)C(=O)N12,3.8496577755345185
21,CC1CN(C2=CC=C(S(C)(=O)=O)C=C2)C(=O)O1,3.2141417141788375
22,COC1=CC(O)=C2C=C(C3=CN4N=C(C(C)(F)F)SC4=N3)OC2=C1Br,4.3922524995396905
23,COC1=CC=C(C2=CN(C3=CC4=CC=CC=C4N(C)C3=O)N=N2)C=C1,3.631506316119925
24,COCCNC(=O)C1=C2C=CC=CN2C(C2=CN(C)C=N2)=N1,4.104647393223242
25,CC1=CC=C(C(=O)NC2=CC=CC(C(=O)NN=CC3=CC=CC=C3F)=C2)C=C1,3.073475025536953
26,O=CC1=NN(C2CC(O)C(CO)O2)C(=O)NC1=O,3.483530113276455
27,CCCCS(=O)(=O)N(C)CC1=CC=C(CN2CCN(C3=CC=CC=C3OC(C)C)CC2)N1C,4.999615458829581
28,CC(=O)NC1=NC(C)=C(C2=CN=C(CC3=CC=CC(C(=O)O)=C3)O2)S1,4.612096340658745
29,COC1=CC2=C(C=C1OC)C1C3CCCCC3CCN1CC2,4.350762503094308
30,CCCCOC1=CC=C(C(=O)NC2=CC=CC(C3=NC4=CC=CN=C4S3)=C2)C=C1,4.270811916169766
31,CN(C)CCOC(=O)NC1=CC=NC=C1,2.344844799289085
32,O=C1NC(=O)N(CC2CCC(CO)C2)C=C1I,3.2777042985142675
33,CS(=O)(=O)N1CCC(NC2=C(C(N)=O)C=NC3=C2C=CN3)CC1,4.31313357166313
34,CCC(C(=O)NOC)C1CCC(C)C(C(C)C(O)C(C)C(=O)C(CC)C2OC3(C=CC(O)C4(CCC(C)(C5CCC(O)(CC)C(C)O5)O4)O3)C(C)CC2C)O1,4.039271753830359
35,O=C1NC(=NC2=NC=CS2)SC1=CC1=CC=CC=C1,3.048987140599894
36,NC1=NC=NC2=CC(CN3CCN(CC4=NOC(C5=CC=C(Cl)S5)=C4)CC3=O)=CC=C12,4.9904872002188885
37,CNC1=CC=CC=C1C1=NC2=CC([N+](=O)[O-])=CC=C2N(C)C1=O,3.792146344965502
38,CSCCNC(=O)C1C(=O)N2C3=CC=CC=C3CCC3=CC=CC1=C32,4.228067253973536
39,CC(C)(C)C(NC(=O)CC1=CC(Cl)=CC(Cl)=C1)C(=O)NCC(=O)NCC#N,3.236371663903533
40,CCC1OC(=O)C(C)C(OC2CC(C)(OC)C(O)C(C)O2)C(C)C(OC2OC(C)CC(N)C2O)C(C)(OC)CC(C)C(=O)C(C)C(O)C1(C)O,3.8469713670935755
41,CC1=CC=C(C2=NN=C(SCC3=CC=CC(Cl)=C3)O2)C(O)=C1,3.1805987263725757
42,O=C1C(Br)=CC2=CN=C(NC3=CC=C(N4CCNCC4)C=C3)N=C2N1C1CCCC1,4.128280896529627
43,CN=C(S)N(CCC1=C(C)NC2=CC=C(Cl)C=C12)CC1=CC=CS1,4.429412317323164
44,CCOC1=CC=C(CN2CCOC3=CC=C(C(O)C4=CC=CN=C4)C=C3C2)C=C1,4.4395265404983295
45,COC1=CC=CC(C=NNC(=O)CN2N=NC3=CC=CC=C32)=C1O,2.4488972168917202
46,COC1=CC=C(C=CCCN2CCC3C(C2)C2=CC(F)=CC=C2N3C2=CC=C(F)C=C2)C=C1,4.463688990340121
47,FC(F)(F)C1=CC=C(NC(=S)C2=CC=CC=N2)C=C1,2.621224011529522
48,COCCCNC(=O)C1=C(C2CCNCC2)N(C2=CC=C(F)C=C2F)N=C1,4.207577161006192
49,COC1=CC=C2NC=C(C3CCC(N4CCN(C5=CC=CC6=C5C=CN6)CC4)CC3)C2=C1,3.931756088239351
50,CC1=C(C(O)(C2=CC=C(Cl)C=C2)C2=CC=C(Cl)C=C2)SC=C1,2.112671287437628
51,[O-][N+]1=C(CC2=CC=CC=C2)C2=NCCCN2C2=CC=CC=C21,3.6830204330285183
52,CCCN(C)C1CCC(NC(=O)CNC(=O)C2=CC=CC(C(F)(F)F)=C2)CC1CS(=O)(=O)C1=CC=CC=C1,4.731401066496616
53,O=C(NO)C1=CN=C(NCC2=CC=CC=C2C(F)(F)F)N=C1,3.8721346072221077
54,CC1(N2CCC(C3=CC(C4=CC=C(F)C=C4Cl)=C4CNC(=O)N(C5=C(Cl)C=CC=C5Cl)C4=C3)CC2)CC1,4.98899945418398
55,C=C(CCC12OC(C3=NN=NN3)C(O)(C(=O)O)C(C(=O)O)(O1)C(OC(=O)C=CC(C)CC(C)CC)C2O)C(C(C)=O)C(C)CC1=CC=CC=C1,4.648032095492627
56,COC1=CC=C(NC(=O)C(CC2=CC=CC=C2)NC2=CC(C)=NC(NCCC3=CC=CC=C3)=N2)C=C1,4.629612625290317
57,CC1=CC=C(C(=O)NC2=CC=C3C=C4C=CC(NC(=O)C5=CC=C(C)C=C5)=CC4=NC3=C2)C=C1,3.3669286277398447
58,C#CCOCCOCCOCCNC1=NC(N2CCN(C(=O)C(CCCCN)N3C=C(CC(C)O)N=N3)CC2)=NC(N2CCN(C(=O)C(C(C)CC)N3C=C(CCCCN)N=N3)CC2)=N1,4.865874867142734
59,COC1=CC=C(C2=C3C(=O)N(C)C(=O)N(C)C3=C3C(C4=CC=C(OC)C=C4)NC4=CC=CC=C4N23)C=C1,4.15497447656359
60,NC(=O)C1=CC=CC(C2=CC=CC3=C2CC(=O)C(N)CC3)=C1,3.771775301797105
61,CCSC1=C(C#N)C(C2=CC=CC=C2C)CC(=O)N1,2.651405299558909
62,O=C(NC(=S)NC1=CC=C(C(=O)N2CCOCC2)C=C1)C1=CC=C([N+](=O)[O-])C=C1,2.8642172065173113
63,CCCN1C(COC2=C(OC)C=CC3=CC4=[N+](C=C23)CCC2=CC3=C(C=C24)OCO3)=NC2=CC=CC=C21,4.21657307055429
64,CC(C)(C)OC(=O)N1CCN(CCNC(=O)C2=CC=CC=C2)CC1,2.505403411668936
65,CC1=CC=C(C=CC2=CC=C3C=CC=CC3=[N+]2C)C=C1,2.422275509341559
66,COC1=CN=CC=C1C1CCC(N2CC(NC(=O)CNC(=O)C3=CC=CC(C(F)(F)F)=C3)C2)CC1,4.7292489804013105
67,CCCCCCCCCCS(=O)(=O)ON=C(N)C1=CC=CN=C1,3.316445675443878
68,C1=CN(CC2=CC=C(C3=CN=CN=C3)C=C2)C=N1,3.1512770377807935
69,CC(=NNC(=O)C1=CC=CC=C1)C1=CC=C(OCC(=O)O)C=C1,2.3988818534842156
70,O=C(NNC1=CC=C([N+](=O)[O-])C=N1)NC1=CC=C(N=NC2=CC=CC=C2)C=C1,2.567532226094502
71,COC(=O)C1=C(C)OC(=O)C(NC(=O)C2=CC=CC=C2)=C1,2.229399501537789
72,NC(=O)C1=C(S(=O)(=O)NC2CCC2)C2=CC(Br)=CC=C2N1,3.406466109072455
73,CC1=CC=CC(NS(=O)(=O)C2=CC=C(C)C(C(N)=O)=C2)=C1,2.434955983314469
74,OC(=NC1=CSC(C2=NN=CN2C2CC2)=N1)C1=CC(N2C=NC(C3CC3)=C2)=C(N2CCCOCC2)C=N1,4.955907551632809
75,CC(=O)NC1C(O)CC(OP(=O)(O)OCC2OC(N3C=CC(N)=NC3=O)C(O)C2O)(C(=O)O)OC1C(O)C(O)CO,4.429430729004187
76,CC(C)OC1=CC=C(C(=O)CC(=O)NC2=CC=C(S(=O)(=O)F)C=C2)C=C1,3.7769561952079425
77,O=C(O)C1=CC(NC(S)=NCCSCCCOC2OC(CO)C(O)C(O)C2O)=CC(NC(S)=NCCSCCCOC2OC(CO)C(O)C(O)C2O)=C1,3.6064711137261085
78,COC(=O)C1=CC(NS(=O)(=O)C2=CC=C3OCCOC3=C2)=CC=C1Cl,3.1193274165575895
79,COC1=CC=CC(N2C(=O)C(=CC3=CC=C(OCC(=O)NC4=CC=C(Cl)C=C4)C=C3)N=C2C2=CC=CC=C2)=C1,4.057074315472914
80,ClC1=CC=C(SC2=CC=CC=C2C2=NCCN2)C=C1,2.813351330620403
81,COC1=CC=C(NC(C)=O)C=C1N1C(=O)C(=CC2=CC(OC)=C(OC)C(OC)=C2)S(=O)(=O)C1C1=CC=CC=C1,3.4442301130126527
82,CCOC(=O)C1=C(C)NC(=O)NC1C1=CC=C(Cl)C=C1Cl,2.398254251338125
83,O=C(C1=CC=C(Cl)C=C1Cl)C(O)(CN1C=NC=N1)C1=CC=C(Cl)C=C1Cl,2.918287104702584
84,COCOCC1=CC(OC)=C(OC)C=C1C1=CC2=CC=CC=C2C(=O)N1,3.0253178299626335
85,CCC1=CC=CC=C1NS(=O)(=O)C1=CC=C2NC=C(C(=O)N(CC(C)C)CC(C)C)C(=O)C2=C1,4.653717847390381
86,COC(=O)C(C(C)C)N1C(=O)C2CC3=CC=CC=C3CN2C1(C)C,3.3459571613031045
87,COC1=CC=C(CCNC(C)COC2=C(C)C=C(C#N)C=C2C)C=C1O,3.6642591205323374
88,CON=C(C1=CC=CC=C1C=NOC(C)C1=CC=CC=C1C(F)(F)F)C1=NC=CN1C,3.8624351119932583
89,O=S(=O)(NC1=CC=CC(C2=CC=C(N3CCCC3)N=N2)=C1)C1=CC(F)=CC=C1F,4.944315823970301
90,CC1=CN(C2CC(O)C(CO)(N3C=C(CON4C(=O)C5=CC=CC=C5C4=O)N=N3)O2)C(=O)NC1=O,3.987434678313852
91,COC1=CC=C2CC3C4=C(C=C5OCOC5=C4C2=C1OC)CC[N+]3(C)C,3.418219990118316
92,O=C(CCCCCN1CCC(CC2=CC=CC=C2)CC1)N1C2=CC=CC=C2C2=CC=CC=C21,3.872165477926471
93,CCC(CC)OC1=NN(C2=NC=C(C3CC3)C=N2)C(C)=C1CC1=CC=CC=C1,4.176554826723365
94,CC(=O)OC(C=C(C)CCC(O)C1(C)CCC(=O)O1)CC(C)=CCCC1=COC=C1,3.7129490514119516
95,CC(C)=CCC12OC1C(=O)C1=CC=CC=C1C2=O,2.48392420768433
96,CC(=O)C(CC1=CC=CC=C1)NC(=O)CSC1=NC=CN1C1CC1,3.836872200145499
97,CC1CCC2(C)CCC3(C)C(=CC(=O)C4C5(C)CCC(O)C(C)(C(=O)O)C5CCC43C)C2C1C,3.4704744681244364
98,CCNC(=O)C1=NOC(C2=CC(C(C)C)=C(O)C=C2O)=C1NC(=O)C1=CC2=CC=CC=C2N1C,4.994816847833872
99,O=C1C2=CC=CC=C2N=C(NN=C2CCCCC2)N1CC1=CC=CC=C1,3.6307152653305277
100,CC(=O)NC(CC(=O)C1=CC=CC=C1)C1=CC=C(Cl)C=C1,2.6356736924562734
101,ClC1=CC=CC(C[N+]2=CC=C3C=CN=C4C5=CC=CC=C5C2=C43)=C1,3.683463507628157
102,O=C(O)C1=CC=C(NC(=O)C2C3=CC=CC(OC4CCNCC4)=C3CCN2C(=O)C=CC2=C(F)C(Cl)=CC=C2N2C=NN=N2)C=C1,4.765501430718443
103,CC(C)(C)C1=CC=C(C(CN)C2=CC=C(OC3=CC=CC=C3)C=C2)C=C1,3.125458235164926
104,CC1=CC(C(=O)CN2CCN(C3=NC=CS3)CC2)=C(C)N1C1CC1,3.7954824460597423
105,O=C(O)CC1CCCCN1C1=NC(NCC2=CC=C(F)C=C2)=C2C=CC=CC2=N1,4.378255352361917
106,CC1(C)CC(=O)C=C(C2=CC=C(C3=CC=C4NC=CC4=C3)C=C2)C1=O,3.528450822784974
107,CCOC(=O)C1=C(N2CCCC2)C2C3=CC=CC=C3SC12C(=O)OCC,2.9652104305289475
108,CC(C)C1NC(=O)C(NC(=O)C(O)C(CC2=CC=CC=C2)NC(=O)OC(C)(C)C)CC2=CC=C(C=C2)OCCCNC1=O,4.032750009479331
109,CC1=CC=CC(CN2CCN(CC(=O)N3CCC4(CC3)OCCO4)C2=O)=C1,3.1233143388804523
110,CC1=NC(C2=CC=CC=C2)=NC(NC2=CC=C(C(=O)O)C=C2)=C1CN,3.7301372311001533
111,COCCCN1C(=O)C(CC(=O)NC2CCCC2)CC(C(=O)N(C(C)C)C(C)C)=C1C,4.528905934932311
112,COCC1=C(C(=O)OC)C(C2=CC=C(F)C(F)=C2)C(C(=O)NCCCN2CCC(C3=CC=CC=N3)CC2)C(=O)N1,4.611117097337906
113,CC(=O)NC1C(O)CC(OCC2OC(OC3=CC=C([N+](=O)[O-])C=C3)C(NC(C)=O)C(OC3OC(CO)C(O)C(O)C3O)C2O)(C(=O)O)OC1C(O)C(O)CO,4.104191974673653
114,C=CCN(CC(O)C1=CC=CC([N+](=O)[O-])=C1)C(C)CCC1=CC=CC=C1,2.9374303633641325
115,CN1C(=O)CCC2=CC(C3=CN=CC4=C3CCCC4NS(=O)(=O)C3CC3)=CC=C21,4.73014137911148
116,CC1(CC(=O)NCC2=CC=C(C3=CC=CC=C3)C=C2)CC2(CCCCC2)OO1,3.6580526547569447
117,C1=CC=C(C(NCC2=NN=C(C3=CC=CO3)O2)C2CCC2)C=C1,4.285186755949047
118,N#CC1=CC=C(NC(=O)C2=NOC(C3=CC=C(NC(=N)N)C=C3)=C2)C=C1,3.6427841099905027
119,NC1=NC(C2=CC=CC(NC(=O)C3=CC=C(C(F)(F)F)C=N3)=C2)(C(F)F)COC1,4.487500511159935
120,CC1=CC=CC=C1OCCC(=O)NC1=CC(S(=O)(=O)N2CCOCC2)=CC=C1OC(C)C,4.054169075306392
121,NOCCCCOC1=CC(Cl)=C(Cl)C=C1Cl,2.7929478411430635
122,CC(=O)NC1=CC(C2=CC=C(F)C=C2)=CN2C(C3=CC=C(F)C(Cl)=C3)=CN=C12,3.980881329188562
123,COC1=C(C(C)NC2=NC=NC(N)=C2C#N)C=C(Cl)C(F)=C1C1=CC=C(S(C)(=O)=O)C=C1,4.200432569030966
124,CC1=CC=C(S(=O)(=O)NCCSC2=NN=NN2C2=CC=C(Cl)C(C(=O)O)=C2)C=C1,3.578507676713858
125,COC(=O)C1=CC2=CC=C(C(=O)O)C=C2S1,2.370392417160785
126,CC1=CC=C(N2CCN(C3CC[Si](C4=CC=CC=C4)(C4=CC=CC=C4)C3)CC2)C=C1,3.2791545525410157
127,CN(CC1=CN=C2N=C(N)N=C(N)C2=N1)C1=CC=C(C(=O)NC(CCC(=O)NCCC(P(=O)([O-])O)P(=O)(O)O)C(=O)O)C=C1,4.999139766454501
128,ClC1=CC=C(NCC2=CN=CN2CC2=CC=C(C3=CC=CC=C3)C=C2)C=C1N1CCCCC1,4.273298787294246
129,CCOC1=CC=CC(C(=O)N2CCN(C3=NC=CC(OC)=N3)CC2)=C1,3.7524986722876137
130,CC1=CC=C(C(NC(=O)C2=CC=CC=C2S(C)(=O)=O)C2=CC=CC=C2)C=C1,2.8105160933675006
131,O=C(CCNC1=CC=C(Cl)C=C1)C1=CC=CS1,2.4011487412470522
132,CC(C)CC1NC2N(C1=O)C1=CC=CC=C1C2(O)CC1NC(=O)C2=CC=CC=C2N2C(=O)C3=CC=CC=C3NC12,3.9873779952154695
133,CCN1C=C(S(=O)(=O)NC2=CC(F)=CC=C2C)C=N1,3.6178471358239674
134,COC(=O)C1=CC=C(S(=O)(=O)NCC2=CC=C(S(N)(=O)=O)C=C2)N1C,3.4585060574991453
135,CC(C)=CCCC1(C)C=CC2=C(C=C(C)N(CCC(=O)O)C2=O)O1,3.904081579566131
136,CC(C)C(O)C(=O)N1CCC(C)(N2CCC3=C(C4=CNC(=N)N=C4)N=C(N4CCOCC4)N=C32)C1,4.999892801567137
137,C=C(C)C1CCC2=C(CCC3(C)C(C(CO)CCC=C(C)C)C(O)CC23C)C1(C)CCCO,3.7400294231191946
138,CC1=CC(C2=NN(CC3=CC=C(C(=O)O)C=C3)N=N2)=CC(C(=O)NCC2=CC=CC(F)=C2)=N1,4.301699448780706
139,CCCCCCCNC(=O)OC1=CC=C2C(=C1)CN(C)C(C1=CC=C(C(F)(F)F)C=C1)N2C,4.822324949093358
140,CC(C)C1=CC=C(NS(=O)(=O)C2=CC=C3N=CC(C(=O)N4CCC(C(N)=O)CC4)=C(O)C3=C2)C=C1,4.6897252396157105
141,CC1=CC(C(=O)NC2=CC=CC3=CN=CC=C23)=NN1C1=CC=CC(C(F)(F)F)=C1,4.199283401910205
142,CC(=O)C1=CC=C2OC(C)(C)C(O)C(NC(=O)C3=CC=C(F)C=C3)C2=C1,3.460060961912373
143,CCN(CC)S(=O)(=O)C1=CC=C(C2=NN=C(SCC(=O)N3CCC4=CC=CC=C43)O2)C=C1,4.249676573363927
144,COC(=O)C1=CC=C(NC(=O)CSC2=NC3=CC=CC=C3N2S(=O)(=O)C2=CC(C)=CC(C)=C2)C(Cl)=C1,3.4026179578856643
145,CCCCCCCN1CCC(C2CCNCC2)CC1,3.528343377594708
146,CCN(CC)C(=O)CCC1=NN=C(CC2=CC=CC(C(F)(F)F)=C2)O1,4.2172296731403325
147,COC1=C(CC2=NOS(=O)N2)C=CC2=CC=CC=C12,3.4266799151584384
148,CC(=O)NC1=NC(C(=O)NC2=CC=C(N3CCCCC3)N=C2)=CS1,3.8548920714320607
149,COC1=CC(C=NN=C2SC=C(C3=CC(O)=CC=C3O)N2C2=CC=CC=C2)=CC=C1O,3.904789663501504
150,CC(C)NCC1=CC=C(CC2NC(=O)C(N(C)C(=O)C3=CC=C4C=CC=CC4=C3)NC(=O)C(CC3=CC=CC=C3)NC(=O)C(CC3=CC=CC=C3)NC(=O)C(CCCCN)NC(=O)C(N)CSSCC(C(=O)O)NC(=O)C(CO)NC(=O)C(C(C)O)NC(=O)C(CC3=CC=C(O)C=C3)NC(=O)C(C(C)O)NC2=O)C=C1,4.99999931768697
151,CCS(=O)(=O)N1N=C(C2=CC=CC=C2)N=C1N,3.2378371759118134
152,O=S(CC1=CN(C2=CC=CC=C2)N=N1)C1=NN=C(C2=CC=C(Cl)C=C2)O1,4.0832055720757605
153,O=C(C1=NC=CC=C1F)N1CCN2N=C(COC3=CC=CC(F)=C3)C=C2C1,3.8385375613475534
154,CCCCC(NC(=O)C(CO)NC(=O)C(CC1=CC=C(O)C=C1)NC(=O)C(CO)NC(C)=O)C(=O)NC(CCC(=O)O)C(=O)NC(CC1=CN=CN1)C(=O)NC(CC1=CC=CC=C1)C(=O)NC(CCCNC(=N)N)C(=O)NC(CC1=CNC2=CC=CC=C12)C(=O)NCC(=O)NC(CCCCN)C(=O)N1CCCC1C(=O)NC(C(N)=O)C(C)C,4.999996508285984
155,C1=CC=C2SC(NC3=NCN(CC4=CC=C5OCOC5=C4)CN3)=NC2=C1,4.170237723423367
156,COC(=O)C1C(C2=CC=C(C)C=C2)CC2CCC1N2CC=CI,3.4349304024665455
157,COC1=CC2=C(C=C1OC)C(COC1=CC=C(F)C=C1)N(C(=O)C1=CC=CC(F)=C1)CC2,3.9425269705732178
158,COC1=CC=C(C(=O)N2CCC3(CCCN(C(=O)NC4=CC=CC(F)=C4)C3)CC2)C=C1,4.089749397564898
159,COC=C(C(=O)OC)C1=CC=CC=C1COC1=CC=CC(C2=NN(C(C)=O)C(C3=CC=C(Cl)C=C3)C2)=C1,4.263523635622148
160,CCC1=NN(CC2=CC=CC=C2)C(C(=O)NC2CC(C(=O)NCC(=O)OC)N(C(=O)C3=COC4=CC=CC=C34)C2)=C1,4.36982996595817
161,NC1=CC=C(OC2=NC=NC3=C2C=CN3CC2=CC=C(C(F)(F)F)C=C2)C=C1,3.905630543704907
162,O=C1NC2=CC=CC=C2CC12CCN(CCO)C2,3.854726962891855
163,CCCCCCCCCCCC=CCO,1.719349274807608
164,O=C(O)CCC1=NN2C(C(F)(F)F)=CC=NC2=N1,3.4369355383589553
165,CC1=CC=C(C)C(S(=O)(=O)C2=C3N=C(NCC4=CC=CS4)C4=C(C=CS4)N3N=N2)=C1,4.917762914942088
166,CNC1=NC(C2=CC=C(S(=O)(=O)N3CCCCC3)C=C2)=CS1,4.098869643127982
167,CCOC(=O)C1=C(C)N(CC(=O)N(C)C2=CC=C(OC)C=C2)C(C2=CC=CC=C2)=C1,3.3544829570611587
168,CC(=O)COC1=NN(C2=CC=CC=C2)C=N1,2.6151297631248216
169,CCCCN1N=C2C(=CC3=CC=CN=C3)CSCC2C1C1=CC=CN=C1,4.399763960743808
170,CC(=O)OCC(OC(C)=O)C(OC(C)=O)C(OC(C)=O)C(=O)CNN1C(C2=CC=CC=C2Cl)=NC2=CC=CC=C2C1=O,4.481506012430133
171,CC1=CC=CN2C=C(CCNS(=O)(=O)C3=CC=CS3)N=C12,4.258854194713335
172,O=C(NC1=CC=C(C(=O)N2CCCC3=C(S(=O)(=O)O)NC4=C3C2=CC=C4)C=C1)C1=CC=CC=C1C1=CC=CC=C1,4.686762592928894
173,CC(C)C1=CC=CC(N=C(O)C2CC3CC3N2C(=O)CN2N=C(C(=N)O)C3=CC=NC=C32)=N1,4.071955881870191
174,N#CC1=C(NCC2CCCO2)OC(C2=CC=CC=C2)=N1,3.10335321811937
175,CCCCCCCCCCCCCCCCCCN(CCCCCCCCCCCCCCCCCC)C(=O)CNC(=O)CN(CCCN)CCCNCCCN,4.4173725069374274
176,CC1(C)CCC(CN2CCN(C3=CC=C(C(=O)NS(=O)(=O)C4=CC=C(NC5CCC(NC6CCOCC6)CC5)C([N+](=O)[O-])=C4)C(OC4=CC5=C(C=C4F)NC=C5)=C3)CC2)=C(C2=CC=C(Cl)C=C2)C1,4.999116134812872
177,CCCCCC#CC1=NC(N)=C2N=CN(C3OC(CO)C(O)C3O)C2=N1,3.5406220598880283
178,COCCNC(=O)C1=CC(C2=CC=CC=C2)=NN1CC1=CC(C)=NO1,3.7564565151244103
179,O=C1NC2(CCCCCC2)C(=O)N1CC1=CC=C(Br)C=C1,2.4828086293899245
180,CCN(CC(=O)NC(C)C)CC1=NC(O)=C2C=C(Br)C=C(Br)C2=N1,3.8006403334988694
181,CC(=O)NC=C[S+]([O-])C1=C(C(=O)O)N2C(=O)C(C(C)O)C2C1,3.809704271461108
182,CCNC(=O)C1(C)CCN(CC2=CSC(C3=CC=CC=C3)=N2)C1,3.8450968765443023
183,O=C(O)COC1=CC=C(C(F)(F)F)C=C1C#CC1=CC=CC=C1Cl,2.9377581271582605
184,O=C(NCCC1=CC=CS1)C12COCC1CN(C1=NC=CC=N1)C2,4.163777728609876
185,CN=CNC1=CC=C(C2=CNC=N2)C=C1,3.3351139303477484
186,COC(CNC(=O)C1=COC=C1)C1=CC=CC(Cl)=C1,3.2700400632196023
187,CC1=NC(C)=C(C(=O)OCC2CC2)C(C2=CC=CC=C2[N+](=O)[O-])N1C(=O)OCCN(CCCC1=CC=CC=C1)CC1=CC=CC=C1,4.050474440639141
188,CC(C)C(NC(=O)C1(NC(=O)C(CC2=CC=C(O)C=C2)NC(=O)CC2(S)CCCCC2)CCCCC1)C(=O)NC(CC(N)=O)C(=O)NC(CS)C(=O)N1CCCC1C(=O)NC(CCCN=C(N)N)C(=O)NCC(N)=O,4.999954081918428
189,ClC1=CC=CC(Cl)=C1CN1CCN(C2=CC=CC=C2)CC1,2.9540848558015886
190,COC1=CC=CC(OC)=C1OC(=O)C(CCSC)N1CCCCCC1,2.309633100059995
191,CC1=NC(C)=C(C(=O)NNC(=O)C2=CSC(C3CCN(C(=O)CC4=CNC5=CC=CC=C45)CC3)=N2)S1,4.213651692549159
192,CC1=CC=C(CN(C(=O)COC2=CC=C(Cl)C=C2C)C2CCS(=O)(=O)C2)O1,3.959447786501004
193,CN(C1=NC(C2=CNC3=NC=CC=C23)=CC(=O)N1)C1CCCCC1,4.531148942375722
194,CC1=CC(COC2=CC=C(C(=O)NC3CN(S(C)(=O)=O)CC3C(=O)NO)C=C2)=C2C=CC=CC2=N1,4.999732245404749
195,CCOC1=CC=CC=C1C=C(NC(=O)C1=CC=CC=C1)C(=O)N(CC)CC,2.864338041806035
196,ClC1=CC=CC(Cl)=C1COC1=CC=NC=C1,1.9955719487448762
197,C1COCCOCC23CC4CC(C2)CC(COCCOCCO1)(C4)O3,2.899440083729571
198,CC(=O)OC(CO)COC(=O)CCCCCCCCCCCCCCC1=CC=CC(I)=C1,3.2043982986927224
199,CC(=O)NC1=CC=C2C(=C1)C1=NC=NN1CC1=C(Cl)N=CN21,4.240944399049392
200,CC1=CC=C(NC2=NN=C(SC(C)C(=O)NCC3CCCO3)S2)C=C1C,4.150820886541377
201,CC(C)=C=CP(=O)(O)C1=CC=CC=C1,1.900523229252399
202,C=CCP(=O)(O)CNC(=O)C(CC(C)C)NC(=O)CCC(N)C(=O)O,4.265949537786067
203,CC1=CC(=O)C2=CC(OCC3=CC=CC=C3)=CC=C2O1,2.398694613105846
204,CCN(C(=O)CSC1=CC(C)=C2C=CC=CC2=N1)C1CCS(=O)(=O)C1,4.463861331956917
205,COC1=CC=C(CN2C=C(C(=O)NCCCCN)N=N2)C=C1Br,3.4023039231258414
206,COC1=CC=C(C2=NN(C3=CC=CC=C3)C[N+](C3=CC=C(OC)C=C3)=N2)C=C1,2.9740802201463756
207,CCN(CC(=O)NC)S(=O)(=O)C1=CC=C(C)C=C1,2.4098858256180113
208,NN1C(=S)NC2=C(C3=C(CCCC3)S2)C1=O,3.1655549578571565
209,CC(C)CC(NC(=O)C(CC1=CC=CC=C1)NC(=O)C(CCCCNC(=N)N)NC(=O)C(N)CNC(=O)C(CC1CCCCC1)NC(=O)C(N)CCC1=CC=CC=C1)C(=O)O,4.600376461565274
210,CC(C)N(CC1=NN=C(C2=CC=CC=C2Cl)O1)C(=O)C1=CC=CC(C#N)=C1,3.843099018290926
211,CC1(C)CCC2(CCCCC(=O)NC(CC3=CC=CC=C3)C(=O)O)CCC3(C)C(=CCC4C5(C)CCC(O)C(C)(C)C5CCC43C)C2C1,4.4871028937925015
212,CC1=CC=C(S(=O)(=O)CC2CSC3=NC4=CC=CC=C4N32)C=C1,3.280909233279959
213,COC1=CC=C(NC(=O)C2CCCCN2S(=O)(=O)C2=CC=C(F)C=C2)C(OC)=C1,3.4141465059609684
214,COC1=CC=C(CCNC(=O)CCCN2C(=O)C3=CC=CN3C3=CC=CN=C32)C(OC)=C1OC,4.210331608057272
215,CC1=CC=C(CCC2=NN=C(SCC(=O)NC3=CC=CC(Cl)=C3)N2C2=CC=CC=C2)O1,4.471383078188379
216,CN(C)C1=CC=C2NC(NCC3=CC=C4OCOC4=C3)=NCCC2=C1,3.8933980940164328
217,CC1=C(CN2CC3CCC(C2)N(C(=O)CCC2=CN(C)N=C2)C3)NC=N1,4.506863533035842
218,CCC1=CC=C(CN2CCC3=C(C2)C(=O)N(CCN(C)CCC2=CC=CC=N2)C(=O)N3CC2=C(F)C=CC=C2F)C=C1,4.999708681540575
219,COC1=CC(NC2=CC=NC3=C2C2=CC=CC=C2N3)=CC=C1Br,3.478090295179426
220,CN(CC1=CC=CC=C1)C(=O)CNC(=O)C12CC3CC(CC(C3)C1)C2,2.96787855878964
221,O=C1C=C(NCCC2=CC=CC=C2)C2(CCCCC2)O1,2.9643659540905807
222,COC(=O)C(C)SC1=NC=NC2=C1C(C1=CC=CC=C1)=CN2C1=CC=C(F)C=C1,4.034275184402233
223,CC1=CC=C2C=C(C(=O)N3CCCC3CN3C=CC=N3)NC2=C1,4.085991028257682
224,COC1=CC=C(C2=NN(CCCN3CCN(C4=CC=CC=N4)CC3)C(=S)N2)C=C1,4.540641291480083
225,CC1=CC(N(C)C(=O)C2=C(N3CCCC3)C3=CC=CC=C3S(=O)(=O)N2C)=NO1,4.601234320760595
226,CC1=C(C2=CC=NN2S(=O)(=O)C2=CC=C(Cl)C=C2)C(C2=CC=C(Cl)C=C2)=NO1,3.359149602600042
227,CCCCCCCCC1=CC=C(CNC(=O)C(N)CO)C=C1,3.696922962747387
228,ClC1=CC2=C(OCN(CCC3=CCCCC3)C2)C2=NC=CC=C12,3.9835137976955726
229,CC1(C)SC2C(NC(=O)C(N)C3=CC=CC=C3)C(=O)N2C1C(=O)O.CC1(CN2C=C(C(=O)O)N=N2)C(C(=O)O)C2C(=O)CC2S1(=O)=O,4.361270783290603
230,COC1=CC2=C(C=C1O)CC(C1=CC=CC=C1)CO2,3.326683861989907
231,COC1=CC=C(C(=O)C=CC2=CC(OC)=C(OC)C(OC)=C2)C=C1N=CC1=CC=CC(O)=C1O,3.0070376257292524
232,C(CNCC1=CC=C2OCOC2=C1)=C1CCCC1,2.7888601825658745
233,O=C(C=CC1=CC=CC=C1)NCCC1=CCCCC1,2.4691705685552643
234,CC(=NNC(=O)C1=CC=CO1)C1=CC=C(NC(=O)C2=CC=C(F)C=C2)C=C1,2.8384204306434686
235,COC1=CC=CC(C(=O)CN2CCCCC2C(=O)NC(CC2=CC=CC=C2)C(=O)NC(C=CCOC(=O)C(F)(F)F)C(C)C)=C1,4.74414654297548
236,CNC(=O)COC1COC2(CCN(C3=CC=C(C)N=N3)CC2)C1,4.0133368819168815
237,CC1=C(C)N(CC2=CC=C(C3=CC=CC=C3)C=C2)C2=CC=C(C(=O)NC(C)C3=CC=CC(Cl)=C3F)C=C12,4.7402079878037195
238,CC1=C(SC2=CC=CC=C2)N(COCCN(CC#N)CC#N)C(=O)NC1=O,3.559322854911311
239,O=C1CC(C2=CC=C(O)C=C2)OC2=CC(OCCN3CCN(C4=CC=C5C(=O)C(C(=O)O)=CN(C6CC6)C5=C4)CC3)=CC(O)=C12,4.997783268199052
240,O=C(NC(C(=O)N1CC(N2C=C(C3=CC=CC=C3)N=N2)CC1C(=O)NC(CC1=CC=CC=C1)C(=O)NS(=O)(=O)C1CC1)C1CCCCC1)C1=CC=CC=C1,4.999997624385742
241,OC1CNC(CNCC2=CC=CS2)C1O,3.3964273050208624
242,O=C(O)CCC1=CC=C(C2=CN=C3C=NC(C4=CC=CC=C4Cl)=CN23)C=C1,4.444551804641939
243,COC(=O)C(CCC=C(C)C)C1C(O)CC2(C)C3=CCC4C(C)(C)C(=O)CCC4(C)C3CCC12C,3.165387241165832
244,COC1=CC=C(C(=O)C=CC2=CC=C(OCCCCCCCCCCOC3=CC=C(C=CC(=O)C4=CC=C(OC)C(OC)=C4)C=C3)C=C2)C(OC)=C1,3.084937574182816
245,O=C(NC1=CC=CC=C1F)N1CCCCN2C(CO)C(C3=CC=C(C=CC4=CC=CC=C4)C=C3)C2C1,4.10836203934916
246,COC1=CC=C(C2C3=CC=CN3CCN2S(=O)(=O)C2=CC=CC=C2[N+](=O)[O-])C=C1OC,3.3071697893092553
247,C=C1C(=O)OC2C1CCC(=C)C1CCC(C)C12O,2.9591752810179512
248,C=CCN1CCC2(CCCC3=CC=CC=C32)CC1,3.310493052792146
249,O=C(C=CC1=CC=CC2=CC=CC=C12)NO,2.8183437145281736
250,CC(=O)NC1=CC=C(NC(=O)C2=C(C)N(CC3=CC=CC=C3Cl)N=C2C)C=C1,3.6321750973300455
251,O=C1NC2=C(O)C=CC(C(O)CNC3CCCCC3C3CCCCC3)=C2S1,4.492630830954739
252,FC1=CC=C(N2C=C(C3=CC=C4N=CC=NC4=C3)N=N2)C=C1,3.562570995576957
253,CCCCCCCN(C)N=NC1=CC=C(C(N)=O)C=C1,3.190342064252075
254,O=C(C1=CNC2=CC=CC=C12)C(Cl)C1=CC=CC=C1,2.503522735186043
255,NC(=O)C1=NN(C2=CC=C(F)C=C2)C2=C1CCC1=CC=C(NC(=O)C3=CC4=C(C=C3Cl)OCO4)C=C12,4.60866297360058
256,CCCC(=O)OCC1CCC(C2(C)CCCC(C)(C)C2)=C2CC3C(=O)OC3C21,3.910057137791682
257,O=C(O)C1=CC(N2C(C3=CC=C([N+](=O)[O-])C=C3)=CC3=C2CCCC3)=CC=C1O,3.814581514376752
258,O=C(O)C1=CN=C(C2=CC=C(C(F)(F)F)C=C2)NC1=O,2.9001433315149194
259,COC1=CC=C(OCC2=CC(C(=O)N3CCCCO3)=NN2)C(Cl)=C1,3.335377579928554
260,CCOC(=O)C(I)=CC1=CC(OC)=C(OC)C(OC)=C1,2.070253589368223
261,COC1=CC=C(NC(=O)C2=CC=CC=C2NC(=O)C2=CC=CC=C2F)C(C(=O)O)=C1,2.6593145316356432
262,CC(C)N1CC(CN(C)CC2=CC=C(Cl)C=C2)OC2=C(NC(=O)C3=CC=NC=C3)C=C(F)C=C2C1=O,4.957120029889419
263,CC1=CC(NCC2=CC=C(C(F)(F)F)C=C2)=CC(=O)N1CC(C)C,3.852115616391346
264,O=C1C2=CC=CC=C2C(=O)N1CCC1=NC(C2=CC=CN=C2)=NO1,3.4544462392905397
265,O=S(=O)(NC1=CC=C(CCNCC(O)COC2=CC=C(O)C=C2)C=C1)C1=CN=C2C=CC=CC2=C1,4.735319822819818
266,CN(C(=O)C(C)(C)C1=CC(C(F)(F)F)=CC(C(F)(F)F)=C1)C1CN(C(=O)N2CCN(S(C)(=O)=O)CC2)CC1C1=CC=C(F)C=C1,4.6981186462338425
267,CN(C)CCNC(=O)C1CCN(C2=NC=NC3=C2N=C2CCCCCN23)CC1,4.999290015504046
268,CCCCCCCCCCCCCCCC(=O)OCC(COP(=O)(O)OC1C(O)C(OP(O)(O)=S)C(OP(O)(O)=S)C(OP(O)(O)=S)C1O)OC(=O)CCCCCCCCCCCCCCC,4.917875450624527
269,CSCCC(NC(=O)COC1=CC=CC=C1)C(=O)N1CCN(C2=CC=CC=C2Cl)CC1,3.649021620178713
270,CCOC(=O)C1=CC=C(N2CCC(OC(=O)N3CCN(C(C)C)CC3)CC2)N=C1,3.7223028740407615
271,CC(C)N1CCC(NCC2=CC=CN=C2N(C)CC2=CC=CC=C2)CC1,3.80066273190347
272,CC(=O)C(=CC1OC(C2=CC=CC=C2)OC(CC(=O)OC2=CC=CC=C2)C1C(=O)OC1=CC=CC=C1)C(=O)NC1=CC=CC=C1,3.430213885617706
273,CCC(C)NC1=NC=C(C2=NN(C3CCN(C(C)=O)CC3)C=C2)C=N1,4.48839963707732
274,CC(C(=O)O)N(CC1=CC=CC=C1[N+](=O)[O-])S(=O)(=O)C1=CC=C2C=CC=CC2=C1,2.7464627630218743
275,C=C(C)C(CCC(C)(C)O)CC1=C(O)C=C(OC)C2=C1OC(C1=CC=C(O)C=C1O)C(O)C2=O,3.1224689624107214
276,CN1C=C(C(O)(C2=CC=C(Cl)C=C2)C2=CC=C3N=C(Cl)C(CC4=CC=CC=C4)=C(Cl)C3=C2)C=N1,3.9642475277160316
277,CC(=CCC1=CC(C(=O)O)=CC(O)=C1O)CCC=C(C)CCC(O)C(C)(C)O,3.2438902151855316
278,C=CCN1C(SCC(=O)NC2=CC=C(C(=O)OCC)C=C2)=NN=C1C1=CC=CS1,3.5532215494483514
279,CCN1CC(C)(C)OC2=NC(N3CCOCC3C)=NC(C3=CC=C(NC(O)=NC4=CC(OC)=C(F)C=C4F)C=C3)=C2C1=O,4.998250009354566
280,CNC(=S)NC1=CC=CC=C1,1.810274029946088
281,CCCCN1C(C)=C(C)C=C(NC(=O)C2=CC=CC=C2Cl)C1=O,3.455795399114324
282,CONC(=O)C1=CC=CC(NC(=O)CC2=CC=CC(Br)=C2)=C1,2.6129012785045926
283,CN(C)C(=O)C1=CC=C(N(CC2=CC=CC(O)=C2)C(=O)C2=CC(Cl)=C(O)C=C2O)C=C1,4.114318534491147
284,CCCSC1=C(C2=CC=C(P(=O)(NC(C)C(=O)OCC)NC(C)C(=O)OCC)O2)N=C(N)S1,4.40705437787447
285,CC1=CC(OCCN2C=NC3=CC=CC=C3C2=O)=CC(C(C)C)=C1,3.7261773360670203
286,COC1=CC=C(C=CC2=CC(O)=CC(OCC3=CN(C(COC(CO)CO)COC(CO)CO)N=N3)=C2)C=C1,3.703958716072228
287,CN1CCC(C2=CC=C(Cl)C=C2)C(C2=NC(C3=CC=C(Br)C=C3)=NO2)C1,4.391511955741561
288,O=C1CC(CCC2=CC=C3N=CC=CC3=C2)OC2=C(Br)C=C(Cl)C=C12,3.640413912782714
289,CC(C)OC1=CC=C(C2=NC(C3=CC=CC4=C3CCC4NC(=O)N3CCCC(O)C3)=NO2)C=C1C#N,4.791860223072229
290,CCCCN1C(N)=C(N(CCC(C)C)C(=O)COC(=O)C2=CC=C([N+](=O)[O-])S2)C(=O)NC1=O,3.828252845598967
291,O=C(O)CCC(NC(O)=NC(CCCCN1C=C(COCCOCCNC2=CC=C([N+](=O)[O-])C=C2[N+](=O)[O-])N=N1)C(=O)O)C(=O)O,4.597353347873147
292,CC1=CN=C(CN(C)C2CCN(CC3=NC=CN3C)C2)O1,4.90721268841963
293,O=C(NC1=NC=CS1)C1C(=O)N2C3=CC=C(F)C=C3CC3=C2C1=CC=C3,4.750852517970765
294,O=C(C=CC=CC1=CC=C2OCOC2=C1)OCC1=CN(C2=CC=CC=C2Br)N=N1,3.572573876932093
295,COC1(CCC(C)CO)OC2CC3C4CCC5CC(OC6OC(CO)C(O)C(O)C6O)CCC5(C)C4CCC3(C)C2(O)C1C,4.0661011627195425
296,O=C(NC1=CC2=NC=NC=C2C=C1OCC1=CC=CC=C1)NC1=CC=CC2=CC=CC=C12,3.4237768410431033
297,CC1=NC2=C3C(C4=CC=CO4)=NC(N4CCCCC4)=NC3=NN2C(C)=C1,4.685364000960128
298,C1=CC=C2C(=C1)C1=CC=CC=C1N2CCCCCCN1C2=CC=CC=C2C2=CC=CC=C21,2.489577641434556
299,CC1CN(C(C)CO)C(=O)C2=CC(NC(=O)C3CCCCC3)=CC=C2OC1CN(C)CC1=CC=C(C(=O)NC2=CC=CC=C2N)C=C1,4.989886306133872
300,CC(=O)C1=CC=CC(NC(=O)C2=CC=C(N(CC3=CC=C(C)C=C3)S(C)(=O)=O)C=C2)=C1,3.464545535326038
301,CCC1=CC=CC(N2CCC(NC(=O)C3CCCO3)CC2)=C1,3.4559592015467806
302,CCC(=O)C1=C(C2=CC=C(Cl)C=C2)C(C2=CC=CC=C2)=C2CC(C)(C)CN21,3.9865553011106307
303,COC(=O)N1C=CC2=C(C)C3NC4=CC=CC=C4C3C(C)=C2C1,3.3544070578234897
304,O=C(NCCCCC(NC(=O)C1=CC=CC=C1)C(=O)O)C1=CC=CC=C1,2.211618637300278
305,N#CC1=CSC(CCNC(=O)C2=CC=CC=C2)=N1,3.266621544189544
306,CN1C(=O)C(COC2=CC=C3C=CC=CC3=C2)=NC2=CC=CC=C21,3.4303696477594774
307,N#CC(=NNC1=CC=C(F)C=C1)C1=NN=NN1,2.9207603697679527
308,O=C(CCC(=O)C1=CC=CC=C1)NC1=CC=C(NC(=O)N2CC3=CC=CC=C3C2)C=C1,3.410395130017181
309,CC(C(CC=CC1=NC2=CC=CC=C2O1)C1=CC=C2OCOC2=C1)N(CC1=CC=C2C=CC=CC2=C1)C(=O)C1OC(C(=O)[O-])(C(=O)[O-])OC1C(=O)[O-],4.73764516594454
310,O=C1C(=CC2=CC(Cl)=CC(Cl)=C2)SC(=S)N1CC1=CC=CC=C1,2.562162755878594
311,COC1=CC2=C(C=C1OC)C1C3CC4=CC(OC)=C(OC)C=C4C(COC(=O)C=CC4=CC=CC=C4)N3C(C#N)C(C2)N1C,4.285928348616004
312,CS(=O)(=O)N1CC2(CCN(C3CCCCC3)C2)CC2=CC=CC=C21,4.2537792957407685
313,CCCCN(C(=O)C1=CC=CC(OC)=C1)C1=NN=C(C2=CC=C(CCC(=O)O)C=C2)S1,4.552060912733825
314,FC1=CC=C(OCCCN2CCC(NC3=CC=CC=C3)CC2)C=C1,3.8349432560274814
315,O=C(NC1=NN=C(C2=CC=CC=C2)S1)C1=CC(Br)=CC=C1O,3.3771164810075978
316,CC1=CCC(C(C)(C)NC(=S)NN=CC2=CC=C(O)C=C2)CC1,3.296616048801459
317,CCC1CN2CCC1CC2C(O)C1=CC=NC2=CC=CC=C12,3.4713140694506763
318,CC(=O)C1=CC=C(OCCCC(=O)NC2CCCC3=CC=CC=C32)C=C1,3.779398188131236
319,O=C(C1=CC=C2C=CC=CC2=C1)N1CCN(CC2=CN(C3=CC=CC(C(F)(F)F)=C3)C3=CC=C([N+](=O)[O-])C=C23)CC1,4.57674778300421
320,C=CCOC1CCCOC1CC=O,2.343885816450504
321,CCCCNC1=NC2=C(C(=O)N(CC3=CC=CC=C3)C(=O)N2C)N1C,3.91374427750817
322,CC1CN(C2=CC(C3=NNC4=CC=C(C5=CN6N=CN=C6C=C5)C=C34)=NC=N2)CC(C)O1,4.725044564191856
323,CC(C)CCNCC(S)C(N)CC(C)C,3.457817827889031
324,CC(C)(C)C(=O)OCN1N=NC(C2=CN=CC=N2)=N1,3.280934699600439
325,CC#CC1=CC=C(C2CC3CCC(N3)C2C(=O)OC)C=C1,3.119678604952767
326,COC(=O)C1=C(C2=C(C)ON=C2C)CC2CCC1N2C(=O)NC1CC2=CC=CC=C2C1,3.6758706005611006
327,CCCN(CCC)C1=CC=C2N=C3C=CC(N4CCOCC4)=CC3=[O+]C2=C1,4.093727091801562
328,CCC1=[N+](C)C=CN1CC1CC(C2=CC=CC=C2)(C2=CC=CC=C2)C(=O)O1,3.2179628697284945
329,O=C(NC1=CC=C([N+](=O)[O-])C=C1O)C1=CC=CC=C1,2.1558062025507243
330,CC(C)C1=NC(SCC2=CC=C(C3=CC=CC(C(=O)O)=C3)C=C2)=C2C=CC=CC2=N1,4.388391237383898
331,CN1C(=O)C2=CC(NC(=O)NC3=CC=CC=C3F)=CC=C2OCC2OC(CC(=O)NCC3=CC=C(C4=CC=CC=C4)C=C3)CCC21,4.999816787861766
332,COC1=CC2=NC=NC(NC3=CC=C(F)C(Cl)=C3)=C2C=C1OCCN1CC(O)C1,4.233909752242838
333,CC1=CN=C(CNC2=NC(C3=CC=CC=C3Cl)=NC3=CC=CC=C23)C=N1,3.9624105976428265
334,COC1=CC=C(S(=O)(=O)N2CCC3=CC=CC=C32)C=C1C(=O)N1CCOCC1,3.194152863432494
335,CC1=NC2=NC=NN2C(N2CCN(S(=O)(=O)C3=CC=C4C=CC=CC4=C3)CC2)=C1,4.408847072855281
336,O=C(NS(=O)(=O)C1=CC=C(N2SC3=CC=CC=C3C2=O)C=C1)C1=CC=CC=C1,3.114623900273532
337,O=C1C2=C(CC=CC2)C(=O)C2=C(NC3=CC=C(S(=O)(=O)O)C=C3)C=CC(NC3=CC=CC=C3)=C12,2.7643864770682187
338,O=C1C2=CC=CC=C2C(=O)C2=C1C=C(SCC1=CC=C(Cl)C=C1)C1=NSN=C21,3.538581600044256
339,O=CC1=CC=C2OCCN(C(O)=NC3=CC=C(C(F)(F)F)C=N3)C2=N1,3.591336287125936
340,CCCC[N+](CCCC)(CCCC)CC1=CC=C(C2=CC=C(C[N+](CCCC)(CCCC)CCCC)C=C2)C=C1,2.1991169340225443
341,CC1=NC(N2N=NC3=C2CCN(C(=O)C2=CC=CC(C(F)(F)F)=C2Cl)C3C)=NC=C1F,4.961722907810049
342,CCS(=O)(=O)C1=CC=C2OC(SCC(=O)N3C4=CC=CC=C4CC3C)=NC2=C1,4.291236084447067
343,CCOC(=O)CN1C=CC=C(NCC2=CC=CN2S(=O)(=O)C2=CC=C(C)C=C2)C1=O,2.225687776918399
344,O=S(=O)(NC1=CC=CN=N1)C1=CC(Cl)=C(OC2=CC=C(Cl)C=C2OC(F)F)C=C1F,4.9564978458850355
345,CC1=CC=C2C(=C1)NC(=O)N(C)C21NC(=O)NC1=O,3.345464838796117
346,CC1=CC=C(NC(=O)C2=CC=C(CSC3=C4N=CN=C4N=CN3)C=C2)C(C)=C1,4.0186083122536065
347,NCC1CCC(C(=O)NC(CC2=CC=CC=C2)C2=NC(C3=CC=C4C(N)=NNC4=C3)=CN2)CC1,4.973358547592909
348,NC(N)=NCCCC(N)C(=O)N1CCCC1C(=O)N1CCCC1C(=O)NCC(=O)NC(CC1=CC=CC=C1)C(=O)NC(CO)C(=O)N1CCCC1C(=O)NC(CC(=O)O)C(=O)O,4.99965222772808
349,CC1=NN(C(=O)C2=CC=CC=C2)C(C2=CC=CC=C2O)C1,2.7991045255110607
350,CCOC1=CC=C(OC(C)=O)C=C1,1.7408067825661107
351,C=C(C)C1CCC2(C(=O)O)CCC3(C)C(CCC4C5(C)CCC(NC(=O)C6CCCNC6)C(C)(C)C5CCC43C)C12,4.592227427174834
352,CCC=CCC1C(=O)C=CC1CCCCCCCC(=O)OCC(COC1OC(COC2OC(CO)C(O)C(O)C2O)C(O)C(O)C1O)OC(=O)CCCCCCCC1C=CC(=O)C1CC=CCC,4.29733350892595
353,CC1=CC=C(OC2=CC=C(C=NNC(=S)NC3CCCCC3)C=C2)C=C1,2.864010131977933
354,OCC1=CC=CC(C2=CC=CN=C2OC2=CC=C(NC3=CC=CC=N3)C=C2)=C1,3.846030183106543
355,CCOC(=O)CN1C(=O)C(C)(C)OC2=CC=C(C(=O)NC3=CC=CC=C3OC)C=C21,3.548037998632537
356,O=C(O)CC1(CC(=O)NC2=CC3=CC=CC=C3C=N2)CCCCC1,3.4437080698430385
357,O=C(NCC1=CC=CC=C1)OC1=CC=C(C2=NCCS2)C=C1,2.856252788177839
358,CC1CCC2C(C)(COC(=O)C3=CC=CS3)OC3OC4(C)CCC1C32OO4,3.5293405891884713
359,CON=C(CN(C)C(=O)C1=CN=CC(Br)=C1)C(CCN1CCC(O)(C2=CC=CC=C2)CC1)C1=CC=C(Cl)C(Cl)=C1,4.6686494156232765
360,CC(=O)NCCN1C(SCC(=O)NC2=CC=C(C)C=C2)=NC2=CC=CC=C2C1=O,4.347921128550015
361,O=C(NCCCO)C1=CC=C2C(=C1)C(=O)C1=CC=CC=C12,3.2907606104934994
362,CC12C3=C(CCN1C(=O)C(CC(=O)NCCN1CCOCC1)CC2C(=O)N1CCOCC1)C1=CC=C(C2=CC=CO2)C=C1N3,4.999991390886415
363,CC1=CC=C(SC2=C(C)N(C(=O)COC3=CC=CC=C3)N=C2C)C=C1,2.924453971986038
364,COC1=CC=C(C2CC(=O)C3=C(C2)NC(C)=C(C(=O)OC2CCCC2)C3C2=CC=CC=C2Cl)C=C1OC,3.878293723257498
365,CC1=CC=C(C)C(CN(CC(N)=O)C(C)C)=C1,2.803550054714197
366,O=C(NCC(CCNC1CCCC1)C1=CC=C(C2=CC=CC=C2Cl)C=C1)NC1=CC(Cl)=CC(Cl)=C1,4.47682668602948
367,CCC1=NC(C2CCCN2CC2=NC(C(C)(C)C)=NO2)=NO1,4.191881969800347
368,COC1=CC=CC=C1CNC(=O)C(C)N1N=C(C)N2C(=CC3=C2C=CO3)C1=O,4.064879278296308
369,COC1=CC2=C(C=C1OCCCN1CCCC1)C1=C(C3=CC4=C(C=C3C1=O)OCO4)N(CCCN1CCOCC1)C2=O,4.9996255852247415
370,COC1=CC2=NC=CC(O)=C2C=C1C1=CN=CO1,3.2897239359194774
371,CS(=O)(=O)NC1=CC=C(CNC(=O)NC2CCOC3=CC=CC=C32)C=C1F,4.177696258413071
372,CC1=CC=C(OC(C)C(O)CNC(C)(C)C)C=C1C,2.8545560421897282
373,CC(C)NC(=O)CNS(=O)(=O)C1=CC=CC(C(N)=[NH2+])=C1,3.9260351512176035
374,CON=C(COC1=CC=C(COC2=CC=C(C(C#N)CC(=O)O)C=C2)C=C1)C1=CC=C(F)C=C1,3.4366627006842725
375,CC1=CC=C(OCC2=CC=C3CCN(CC4COCCO4)CCC3=C2C)C(C2=CSC(N3CCC4(C(=O)O)CC4C3)=N2)=C1,4.99979463341732
376,CCNC(=O)CN1C=C(C(F)(F)F)C=C(Cl)C1=O,3.2681424683528304
377,COC1=CC=C(N2C(C)=NC3=C(C4=CC=C(Cl)C=C4)N=C4C=CC(OC)=CC4=C3C2=O)C(OC)=C1,4.654405527555992
378,O=C(C=CC=CC1=CC=C2OCOC2=C1)NCCCC1=CC=CC=C1,2.9186579563160384
379,NC(=O)C1=CC(Br)=CN2C(C3=CC=CC=C3)=C(C3=CC=C(C4(N)CCC4)C=C3)N=C12,4.782647973604382
380,CC(=O)OC1CC2C3C(O)C(=O)C4CC(O)CCC4(C)C3C(O)CC2(C)C1C(C)C=CC(C)C(C)C,3.1994011404079608
381,COC1=CC=C(OC)C(CN2CCN(C(=O)CCC(=O)C3=CC=CS3)CC2)=C1,3.1881551155590793
382,CC1=C(C2CC(O)CC3=CC(F)=CC=C3N2)SC=C1,3.7776141285324205
383,OC1=NN=C(C2=CC=C3N=C(C4=CC=CO4)OC3=C2)CC1,3.956437833906776
384,CNC(=O)C1=C(C2=CC=C(F)C=C2)OC2=CC(N(C)S(C)(=O)=O)=C(C3=CN=C4OCN5C(=NC6=C5CCCC6)C4=C3)C=C12,4.9956374799561685
385,CN1CC=C(CCC2=CC=CC=C2)CC1,2.6237319019597596
386,O=C(NC1=CC=C2C=C(CN3CCCC3)CCC2=C1)C1=CC=C(C2=CC=CC=C2)C=C1,4.453032645992728
387,COC1=CC=C(Cl)C=C1NC(=O)CN(C)C(=O)C1=CC=C2OCCOC2=C1,3.7792502599180793
388,C=C(C)C1CC2=C(C=O)C=C(O2)C2OC2(C)CC2OC(=O)C3(OC23)C(OC(C)=O)C1,3.290891846557399
389,CN1N=NN=C1SCC1=C(C(=O)[O-])N2C(=O)C(NC3=CC=[N+](CC4=CC=CO4)C=C3)C2SC1,4.64120067887145
390,COC1=CC=C2N=C(C3=CC=C(OC)C(OC)=C3)SC2=C1,2.868124495538642
391,CCCN(CC1=CC2=CC(OC)=CC=C2N=C1O)C(=O)C1=CC=NC=C1,3.734589056268107
392,C=CC1=CN=C2C(C(N)=O)=CC=CC2=C1,3.267304712216876
393,CCCCCCCCCCCCOC1=CC=C(CC(=O)NC2=CC=CC(C[N+]3=CSC(C)=C3)=C2)C=C1,4.216696685487169
394,O=C(C1=CC=C(Cl)S1)N1CCCC1,2.4694419628932396
395,CN(C)C1=CC=C(C=CC2=CC(C3=CC=CC=C3)=[N+](C)N2C2=CC=CC=C2)C=C1.O=S(=O)([O-])C(F)(F)F,3.6380756656773054
396,CC1=C(C2=CC=C(Cl)C=C2)N(C2=CC=C(Cl)C=C2Cl)N=C1C(=O)NC1CCN(C(=O)COCC(=O)NCCNC(=O)COCC(=O)NC2CCC3(O)C4CC5=CC=C(O)C6=C5C3(CCN4C)C2O6)CC1,4.999999999634005
397,CC(C)C1=NC(C2=C3CN(C)C(=O)C4=C(F)C=CC=C4N3C=N2)=NO1,4.844330979492009
398,CCOC(=O)C=CN1N=NN=C1C1=CC=CC(Br)=C1,2.51183333105754
399,CC(N)C(=O)NC1CSCC2=CC3=CC(=C2)CSCC(NC(=O)C(CC(N)=O)NC(=O)C(C(C)C)NC(=O)C(CCC(N)=O)NC(=O)C(C(C)C)NC(=O)C(CCC(N)=O)NC(=O)C(CC2=CNC4=CC=CC=C24)NC1=O)C(=O)NC(CCCNC(=N)N)C(=O)NC(C(C)C)C(=O)NC(CC(N)=O)C(=O)NC(CC1=CC=CC=C1)C(=O)NCC(=O)NC(CCCCN)C(=O)NC(C(=O)NCC(N)=O)CSC3,4.99999013912211
400,OC1=CC=CC(OCC2CCCN2)=C1,2.9610462425837154
401,CC(C)CC(NC(=O)C(CO)NC(=O)C(NC(=O)C1CCCN1C(=O)C(N)CCCCN)C(C)C)C(=O)NC(CO)C(=O)NC(CC1=CC=C(O)C=C1)C(=O)NC(CCCNC(=N)N)C(=O)NCCCCC(NC(=O)C1CSSCC(NC(=O)C(CC2=CC=C3C=CC=CC3=C2)NC(=O)C(CCCNC(=N)N)NC(=O)C(N)CCCNC(=N)N)C(=O)NC(CC2=CC=C(O)C=C2)C(=O)NC(CCCNC(=N)N)C(=O)NC(CCCCN)C(=O)NC(CCCCN)C(=O)N2CCCC2C(=O)NC(CC2=CC=C(O)C=C2)C(=O)NC(CCCNC(=N)N)C(=O)NC(CCCNC(N)=O)C(=O)C1)C(=O)O,4.999999509060163
402,CCOC(=O)C1=C(C)N(C)C2=CC=C(O)C(CN(CC)CC)=C12,3.4739176001482135
403,CCOC1=CC=CC(OC2=CC=C(NC(=O)C(C)(N)CO)C=C2)=C1,3.442126172470089
404,C=CCNC(=S)NNC(=O)C(C)C1=CC=C(C2=CC=CC=C2)C(F)=C1,3.2158064256639354
405,COC(=O)C1C(C2=CC=C(I)C=C2)CC2CCC1N2CCCOS(C)(=O)=O,3.7349174802591563
406,CC1=CC=C(NC(=O)C2=NOC(C3=CC=CS3)=C2)C=C1C,3.1142674775347134
407,COC1CC(CC(C)C2CC(=O)C(C)C=C(C)C(O)C(OC)C(=O)C(C)CC(C)C=CC=CC=C(C)C(N(O)C(=O)N(C)C)CC3CCC(C)C(O)(O3)C(=O)C(=O)N3CCCCC3C(=O)O2)CCC1O,4.732094751923501
408,CCC1(OC(=O)CNC(C[Si](C)(C)C)=NS(=O)(=O)C2=CC=C(C)C=C2)C(=O)OCC2=C1C=C1C3=NC4=CC=CC=C4C=C3CN1C2=O,4.817315101598149
409,CC(C)=CCC1=C2OC34C(CC5CC3C(C)(C)OC4(CC=C(C)C=O)C5=O)C(=O)C2=C(O)C2=C1OC(C)(C)C=C2,3.3212176923564227
410,O=C(NS(=O)(=O)C1CC1)C1=C(C2=CC=CNC2=O)C2=CC(Cl)=CC=C2N1CC1=CC([N+](=O)[O-])=CC=C1F,4.5397034650063555
411,CCC(C)C(=O)OC1C(=O)OC2CC3C(C)=CC(=O)C(O)C3(C)C3C4(O)OCC23C1C(C)C4O,4.3527810395687725
412,N=C(N)NCC1=CC=CC=C1C1=CC=C(C(=O)NCC(NS(=O)(=O)C2=CC=CC=C2)C(=O)O)S1,4.979797318720279
413,COC1=CC=C2C=CC=CC2=C1CN1CCN(C(=O)C2=CC=CC=C2)CC1,3.1461639782980133
414,O=C(NN=CC1=CC=CC(Cl)=C1)C1=CC=C(CN2C=CC=N2)O1,3.222175362103634
415,CC1=CC(OCC2=CC(C(=O)N(CC3=NC=CN3C)C(C)C)=NO2)=CC(C)=C1Cl,4.237567076916948
416,COC1=CC=C(CNC(=O)CSC2=NN=C(C3=CC=CN=C3)N2N)C=C1,3.7112621997364426
417,O=[N+]([O-])C1=CC=C(C2=CSC(=[N+]3CCCCC3)S2)C=C1,2.7698009538200234
418,CC1=NOC(C)=C1S(=O)(=O)N(C)CC1=CC=CC=C1,2.3261116569540805
419,CC1=NC=C2CN(CC3=NC4=CC=CC=C4O3)CCC2=N1,4.043453160381576
420,CC(C)NC(=O)CN1C=C(C2=NC(C3(C4=CC=C(C5=CN=C(N)N=C5)N=C4)CCC3)=NO2)C=N1,4.999941499741475
421,COC1=CC(NC(C)CCCNC(=O)NCCCC(C)NC2=CC(OC)=CC3=CC=CN=C23)=C2N=CC=CC2=C1,3.517147324974042
422,N=C(NCCS)NCCCCCO,2.9958537845150723
423,N=C(N)NCCCC1NC(=O)C(CC2=CC=C(O)C=C2)NC(=O)C(CC2=CC=C(Cl)C=C2)NC(=O)CNC1=O,4.655526408134519
424,CCOC(=O)C1=CN=C2C(OC)=CC=CC2=C1OC1=CC=CC=C1,2.658304203868337
425,CCC1(O)CC(=O)OCC2=C1C=C1C3=C(CN1C2=O)C(C[N+]1=CC=CC=C1)=C1C=CC(C)=CC1=N3,4.4884657150991405
426,O=C1N=C(N2CCOCC2)CN1CC1=CC=CC=C1,2.918490518261822
427,CCOC(=O)C1NC2=CC=CC=C2C2C(O)C(O)CC12,2.653177220554286
428,CC(SC1=NN=C(C2=CC=CO2)O1)C(=O)NC1=CC=C(OC(F)F)C=C1,4.304046014696866
429,NC1=CC=C(CNC(=O)C2CC=NN2C(=O)CC(N)CC2=CC(F)=C(F)C=C2F)C=C1,4.410626706470946
430,O=C(NCCC1=CC=CC=C1)C1=CC=C(S(=O)(=O)N2CCCCC2)C=C1,3.343587329277254
431,COC1=CC=C(C2=NC3=C(N=C(SC)NC3=O)NC(C3=CC=CC=C3)C2)C=C1,3.323328489188046
432,CCCCCCCCCCCCCCCC(=O)NCCC[N+](C)(C)CC(=O)[O-],3.6078280349502543
433,CCOC(=O)C1(C)CCCC2(C)C3CCC4(C)CC3(CCC12)CC4N,3.4529968216702907
434,O=C(O)CSC1=CC(C(F)(F)F)=NC2=CC=CC=C12,3.166200548170211
435,CCCCN1N=NN=C1C(C1CC1)N1CCN(CC=CC2=CC=CC=C2)CC1,4.496679947142466
436,O=C(CC1=CC=CS1)NC1C(=O)N2C(C(=O)O)=C(C=CC3=CC=C([N+](=O)[O-])C=C3[N+](=O)[O-])CSC12,3.5360163162307767
437,CCCOC(=O)C1=CC2=C(NC3=CC=CC=C32)C(C2=CC=C3C(=O)C=C(NC(C)=O)C(=O)C3=N2)=N1,4.723229541055483
438,COC1=C(C(=O)C=CC2=CC=CC=C2)C(O)=C(OC)C2=C1C=CO2,2.912295812783608
439,O=C(O)CCNC1=CC2=NC=NC(NC3=CC=CC(Br)=C3)=C2C=N1,3.65655343168438
440,COC1=CC=C(CN2CCN(CC3=CC=CO3)CC2)C(OC)=C1,2.6838972179664653
441,COCCNC(=O)CCC(=O)NNC1=NC2=CC=CC=C2C2=NC(C)=NN12,4.373074378781602
442,O=C(CN1CCCCCC1)NC1=CC=CC=C1F,2.5485532346749684
443,CC1=CC=CC=C1C1=CC=C2NC=C(C(=O)NCC3=CC=CN=C3)C(=O)C2=C1,4.414145895045726
444,CN(C)CC1=CC(=O)N2CCCN(C(=O)CC3=CSC=C3)CC2=N1,4.9699299818447065
445,CC(=O)NC1C(SC(=S)N(C)C)OC(COC(C)=O)C(OC(C)=O)C1OC(C)=O,3.3351909511335847
446,O=C(NCCN1CCOCC1)N1CCN(C2=CC=CC=C2)CC1,2.983741507175826
447,CN1C(=O)C2=C(NC(CN3CCCCC3)=N2)N(C)C1=O,4.133640801869825
448,FC1=CC=CN=C1C#CC1=CC=C2C=CC=CC2=N1,2.7074095390527617
449,CC(=NNC(=O)C1=CC=CC=C1)C1=CC=CC(Br)=C1,1.9537593921031866
450,CCC1=NC=NC(N2CCOCC2C(N)=O)=C1F,4.007975894223447
451,CSC1=CC=CC(NC(=O)C2CCCN2S(=O)(=O)C2=CC=C(Br)S2)=C1,3.752279493875738
452,CCN1C(=O)N(CC2=CC=CC=C2F)C2(CCN(CC3=CC=C(N4C=CN=C4)C=C3)CC2)C1=O,4.65994915006169
453,CCCS(=O)(=O)NC1=CC=C(F)C(N2C=C(C3=CN=CN=C3)C3=NC(N(C)C4CCNCC4)=NC=C32)=C1F,4.99952212473459
454,O=C(CC1=CC=CC=C1)NCCC1=CSC2=NC(C3=CC=C(Cl)C=C3)=NN12,4.544712640428219
455,COC1=CC=C(C2=CC=C(C(=O)NC3=CC=C4C=C(CN5CCCC5)C=NC4=C3C)C=C2)C=C1,4.272535736719503
456,CCCCNC1=NC(C)=NC2=C(C3=CC=C(Cl)C=C3Cl)N(C)N=C12,4.427857463669886
457,CCCN1C(NCC2=CC=CC=C2)=NCC2=CC=CC=C21,3.462847033371075
458,O=C(NCCNCC1=CC=C2C=CC=CC2=C1)C1=CC=C2N=C(NC(=O)C3=CC=C(Cl)C=C3)SC2=C1,4.600918018435477
459,O=C1CC(CC(O)C2CCCCC2O)CC(=O)N1,2.875596681124068
460,COC1=CC(CC(NC(C)=O)C(=O)NC2CCN(C3=C4CCCC4=NC4=NC=NN34)CC2)=CC(OC)=C1,4.99903092742581
461,CCCCCCCCCCCCCCCC(=O)NC(CC1=CC=C(OCC2=NC=C(C)C(OC)=C2C)C=C1)C(=O)CP(=O)(O)O,4.295733846405723
462,C1=CC=C(CCCN2CCCCC2)C=C1,2.9084589613043548
463,CN(C(=O)CC1=CC=CC2=C1C=CS2)C1CCCCCC1N1CCCC1,4.164099727871589
464,CN1C=CN=C1CN1CCC2(CC1)CN(C1=CC=CC=C1)C(=O)CO2,4.421138712024407
465,CC1=CC=C2CCN(S(=O)(=O)NS(=O)(=O)N3CCC4=CC=C(C)C(Cl)=C4C3)CC2=C1Cl,3.220551623783455
466,CC(C)C(NC1=NC(Cl)=NC2=C1N=CN2C1C(O)C(O)C2CC21)C1CC1,3.5653423592054376
467,COC1=CC=C2N=C(C3=CC=C4OCOC4=C3)C=CC2=C1,3.4315453827984714
468,CC1=NC2=C(C3=CC=CC=C3)C=NN2C(NCC2=CC=CC=[N+]2[O-])=C1,4.270125678292607
469,CCCCN(C(=O)C1=CC=C(OC(F)(F)F)C=C1)C1=C(N)N(CCC)C(=O)NC1=O,3.957162076745012
470,O=C(CCC1=CC=C(F)C=C1)C1=CC=CC=C1OCC(O)CN1CCN(CC2=CC=CC=C2)CC1,3.768994562361211
471,CC(C)OC1=CC=CC=C1N1CCN(C2CCC(NS(=O)(=O)C3=CC=CC=C3)CC2)CC1,4.25682024074607
472,O=C(CCNC(=O)C1=COC=C1)NCC1=CC=CC=C1F,3.14448127545961
473,CC1=NN(CC2=CC=CC=C2Cl)C(C)=C1C(=O)OCC(=O)NC1CCS(=O)(=O)C1,4.056173506280334
474,CC(C(=O)NC1=CC=CC=N1)(C1=CC=CC=C1)C1=CC=CC=C1,2.1645849116943467
475,COC1=CC=C(NC(=O)C2OC3OC(C)(C)OC3C3OC(C)(C)OC23)C(OC)=C1,2.3960685329625324
476,CC1=CC=C2C(=C1)CCN2CCNC(=O)NC1=CC=CC=C1Br,3.7144861270119143
477,CC(C1CC1)N(CC1=CC=CC=C1)C(=O)NC(=O)C1=CC=CC=C1,2.815247069768866
478,COC1=CC=C(OC)C2=C1CCC(N1CCCC1)C2N(C)C(=O)CC1=CC=C(Cl)C(Cl)=C1,4.406745902993899
479,COC1=CC=CC2=C1CC1CC(C(=O)N3CCN(C4=CC=C(C(F)(F)F)C=C4)CC3)CN(C)C1C2,4.8027116406197425
480,COC1=CC=C(OC2=CC(=O)C3=CC=CC=C3C2=O)C=C1,2.3861013445429493
481,CC1=NC=CN1CCCNC(=O)C1=CC=C(Br)C=C1,3.1938507191368055
482,N=C(N)NCCCCNP(=O)(OCC1OC(N2C=NC3=C(N)N=CN=C32)CC1O)OC1CC(N2C=CC(N)=NC2=O)OC1CO,4.999611837489752
483,CCC1=CC=C2OC=C(CC(=O)NC3=CC=CC=C3C(F)(F)F)C2=C1,3.6339125683671334
484,OCCNC1=NN=C(CC2=CC=C(Cl)C=C2)C(O)=N1,3.400655368751121
485,COCC1CN(CC2=COC=C2)CC2=NN(CC3CC3)C=C21,3.691171832774567
486,O=C1C2=CN=C(N3CCCC3)N=C2CN1C1=CC=C2OCOC2=C1,4.359229230342848
487,COC1=NC2=C(C(C)=C1Cl)C(NC(C)=O)=C(C(=O)NC1CC1)S2,3.614914513101992
488,CC1=C(C(C=CC2=CC=C([N+](=O)[O-])C=C2)=NNC(N)=S)SC(N2N=C(C3=CC=CC=C3)C=C2C2=CC=CC=C2)=N1,4.451998010522258
489,N#CC(=CC1=CC=CC=C1)C(=O)N1CCC(C(C2=CC=CC=C2)C2=CC=CC=C2)CC1,2.957756149174709
490,COC1=CC=CC(N2C=C(COC3=CC=C4C=CC(=O)OC4=C3)N=N2)=C1,3.9882957285930014
491,NC(=O)C1=C(OCC2=CC=CC=C2)C(C2OC(COP(=O)([O-])[O-])C(O)C2O)=NN1,2.9734022340521697
492,COCCN1CCC2=C(C=NC(C3=COC=C3)=C2C(=O)O)C1,4.1319761763839775
493,CC(C)OC(=O)NC1=NCC(C2=CC=CC=C2F)N1C,3.5892073303614374
494,CC1=CC(C)=CC(NC(=O)C2CCCN2C(=O)NC2CCCCC2)=C1,3.5338713162313478
495,COC1=CC=CC(OC2CCN(S(=O)(=O)C3=CC=C(OC(C)C)C=C3)CC2)=C1CCC(=O)O,4.253395951614034
496,CC1=CC=C2C(C(NCC3=CC=CC=C3)C3=CC=CC=C3Cl)=C(C)NC2=C1,3.8263319167376815
497,CSC1=C(C2=CC=C(Cl)C=C2)SC(N2CCCCC2)N1C1=CC=C([N+](=O)[O-])C=C1,3.4635057064239287
498,COC1=CC(N=C(S)N(C)CCC#N)=C(OC)C=C1Cl,2.9110381992996888
499,CCCCCC(C)N1CC(COCC2=CC=CC=C2)OC2=CC(N3CCCC3CO)=CC=C2S1(=O)=O,3.5170229624998055
500,CCC(CC)NC(=O)N1CCCCC1C(=O)OC(CCC1=CC=C(OC)C(OC)=C1)C1=CC=CC(OCC(=O)NCCNC(=O)COC2=CC=CC(C(CCC3=CC=C(OC)C(OC)=C3)OC(=O)C3CCCCN3C(=O)NC(CC)CC)=C2)=C1,4.751037180567705
501,CC1=CC=C(OC2=CC=C(N(CC(O)C(=O)NO)S(=O)(=O)CC3=CC=NC=C3)C=C2)C=C1,4.405819413053345
502,CC1=[N+]([O-])ON=C1C1=CC=CC=C1,1.755590757051141
503,CCOC(=O)C1=CN=C2C=CC(OCC)=CC2=C1NCC1=CC=CN=C1,3.278665177450854
504,CC1=CC=C2OC(C(Cl)(Cl)Cl)=CC(=O)C2=C1,2.5470952325402316
505,COCC(NC(=O)C(CC(=O)NCC(C)(C)C)NS(=O)(=O)C1=CC=C(C)C=C1)C(=O)NC(CC(C)C)C(=O)C1=NN=C(C2=CC=CC=C2)O1,4.070830723876842
506,COC1=CC(N(CC2=CC(F)=CC3=C2OCOC3)CC2CC2)=CN=C1C(=O)C1CC1C(=O)O,4.3911909883265015
507,O=C(CN1N=NN=C1C1=CC=C2OCOC2=C1)NN=CC1=CC=C(Cl)C=C1,3.946528832791664
508,CCN(CC)CCNC(=O)C1=CC(Br)=C(N)C(I)=C1OC,3.2465930604044924
509,O=C(C1CC1)N1CCC(N(C2=CC=C(Cl)C=C2)C2=CC=CN=C2)CC1,3.3780400103848582
510,CCC(C)C1NC(=O)C(NC(=O)C(CO)NC(=O)C(N)CCCNC(=N)N)CSSCC(C(=O)O)NC(=O)C(C(C)O)NC(=O)CNC(=O)C2CSSCC3NC(=O)C(CCC(N)=O)NC(=O)C(CC4=CC=CC=C4)NC(=O)C(C)NC(=O)C(C(C)O)NC(=O)C(CSSCC(NC(=O)C(CC4=CC=CC=C4)NC(=O)C(CO)NC(=O)C(CC(C)C)NC(=O)C(CCCNC(=N)N)NC(=O)C(CC4=CC=C(O)C=C4)NC(=O)C(CCCCN)NC(=O)C(CCSC)NC(=O)C(C)NC(=O)C(CC4=CN=CN4)NC(=O)C(CCCCN)NC3=O)C(=O)NC(CCCNC(=N)N)C(=O)NC(CCCCN)C(=O)NC(C(C)O)C(=O)N2)NC(=O)C(CCCNC(=N)N)NC(=O)C(CO)NC(=O)C(CCCCN)NC(=O)C2CCCN2C(=O)C(C(C)CC)NC(=O)C(C(C)O)NC(=O)C(CC(=O)O)NC1=O,4.96248356240148
511,CC1=CNC2=NC=NC(N3CCN(C(=O)NC4=CC=CC(Cl)=C4)C(C)C3)=C12,4.405376757854915
512,CCCCCCCCCCCCCCOC1=CC=C(COC(=O)OCC)C=C1,2.1879325029988532
513,COC1=CC=CC(CN2CCCC(C3=NC(C4=CC=NC=C4)=NC=C3C3=CC=CC=C3C)C2)=C1O,4.244473833026197
514,COC1=CC=C(C2=CSC(NC(=O)C3=CC=C(OCC(=O)N4CCOCC4)C(OC)=C3)=N2)C=C1,4.066239236029499
515,CC(=O)NC(CC1=CNC2=CC=CC=C12)C(=O)NC(C)C(=O)NC(C)(C)C(=O)NC(C)(C)C(=O)NC(CC(C)C)C(=O)NC(C)(C)C(=O)NC(CCC(N)=O)C(=O)NC(C)(C)C(=O)NC(C)C(=O)NC(C)(C)C(=O)NC(CCC(N)=O)C(=O)NC(CC(C)C)C(=O)NC(C)(C)C(=O)NC(CCC(N)=O)C(=O)NC(CO)CC(C)C,4.850985351769093
516,CC1=C(C(O)=NC2=CN3N=C(C4=C(C5CCOCC5)N(C)N=C4C4=CC=C(F)C=C4)C=CC3=N2)SC(C2=CC=NC=C2)=N1,4.9999967107285705
517,C[N+]12CCCC(C3=CC=CC=C3)C1C1=C(CC2)C2=CC=CC=C2N1,3.4040400158172637
518,CCC(O)C1OC(N2C=CC(=O)C3=C(N)N=CN=C32)C(O)C1O.CCC(O)C1OC(N2C=CC(=O)C3=C(N)N=CN=C32)C(O)C1O,3.808417501804114
519,CCCC1=C(CCNC)C2=CC=C(Br)C=C2N1,3.6366369925626887
520,COC1=CC=C2C(=C1)C(=O)N(C1=CC=CC=C1C)C(=O)C2(C)C,2.96238258743354
521,OC1=CC=CC=C1C1=NC(NC2=CC=C(OCCN3CCCCC3)C=C2)=C2C=CC=CC2=N1,4.594972650042459
522,CC(C)=CCCC(C)=CCCC(C)=CCCCCC(=O)NC(C(=O)NC(CC(C)C)C(=O)NC(CO)C(=O)O)C(C)C,4.3030757239976625
523,CCN1C=C(NC(=O)C2CCN(CC3=NOC(C4CC4)=N3)CC2)C=N1,4.308049272216378
524,CC(=O)NCCCCC(NC(=O)C1CSSCC(NC(=O)C(NC(=O)C(CC(=O)O)NC(=O)C(CC2=CC=CC=C2)NC(C)=O)C(C)C)C(=O)NC(CC(N)=O)C(=O)NC(CC2=CNC3=CC=CC=C23)C(=O)NC(C(C)C)C(=O)NC(C(C)O)C(=O)NC(CC(C)C)C(=O)N2CCCC2C(=O)NC(CC2=CN=CN2)C(=O)N1)C(=O)NC(C(=O)NC(CCCCN)C(=O)NC(=O)COCC(=O)NC1=CC=C(CCC(=O)N2CCC2=O)C=C1)C(C)C,4.999999997802358
525,COC(=O)C(CCCSC1=NN=NN1C1=CC=CC=C1)(CC1=CC=C(NS(=O)(=O)O)C=C1)C(=O)OC,3.180387969128849
526,O=C1C=CC2=NC=C(F)C3=C2N1CC3(O)CC12CCC(NCC3=CC4=C(C=C3)OCO4)(CC1)CO2,4.14881771912312
527,O=C(O)CCC(=O)OCN1N=CC2=CC(NC3=NC=C(C4=CC=C(Cl)C=C4)O3)=CC=C21,4.433546477590495
528,COC1=CC=C(C(=O)C=CC2=CC=C(NC(C)=O)C=C2)C(OC)=C1OC,2.4054975308065547
529,C[N+]1=CC=CC(C(=O)OCC2OC(N3C=CC(=O)NC3=O)CC2N=[N+]=[N-])=C1,3.275966517541484
530,CN(C)C(=O)C1=CC(C2=NNC=C2C2=CC=CC=C2)=CN1,3.8205642789470287
531,CCOC1=CC=C(C(=O)C2=C(O)C(=O)N(CCN(C)C)C2C2=CC(OC)=CC=C2OC)C=C1Cl,3.914535242764744
532,O=C1C2N=NN(CC3=NC(C4=CC=C(F)C=C4)=NO3)C2C(=O)N1C1=CC=CC=C1,4.244137423722584
533,CC1=C(C2=NC3=CC=CC=C3N2)C=C(C(C)(C)C)N1CCCN1CCOCC1,4.370171902876869
534,C[Si](C)(C)COC(=O)N1CCC(CC#N)(N2C=C(C(=N)O)C(NC3=CC=C(F)C=C3)=N2)CC1,3.835938219933833
535,CC1=CC=C(C(N)=NO)C(OC2=CC=CC=C2C(C)(C)C)=N1,3.0353270822187555
536,CN(C)CC1CC1C1=CNC2=C(C#N)C=CC=C12,3.725661427383915
537,COC1=CC2=NC(NC3=CC=CC(C#N)=C3)=NC(NC3=CC=CC(C#N)=C3)=C2C=C1OC,3.2799723488366146
538,CCN(CC)CC(O)COC1=CC2=C(C(O)=C1CC=C(C)C)C(=O)C1=C(CC=C(C)C)C(OC)=C(OCC(O)CN(CC)CC)C=C1O2,3.5115023371418874
539,O=C(C1=CC=C(F)C(C(F)(F)F)=C1)N1N=C(C2=CC=CN=C2)CC1C1=CC=CC=C1O,4.301456900577403
540,CC(NC1=NC2=CC(C(N)=O)=CC=C2N1CC1CCCCC1)C1=CC=CC=C1,4.20287653844961
541,COC(=O)C1=CC=C2C(=C1)C(C)(C)C(C=CC1=CC=CC=C1O)=[N+]2C,3.038009638004682
542,COC(=O)C1(C)CCCC2(C)C3CCC4CC3(C=C4C)CCC12,3.410822013046802
543,CC(=O)C1(O)C(C)CC2C3CCC4=CC(=O)C=CC4(C)C3(F)C(O)CC21C,3.946374018518158
544,CC1=CC=C(N2N=CC3=C(N4CCCCCC4)N=CN=C32)C=C1,4.394543768619051
545,CC1CCC(C(C)(C)O)OC2CC3(C)C4CCC5CC(=O)CCC56CC46CCC3(C)C12,3.6778814775176296
546,COC1=CC(C2OC(C3=CC=C(N(C)C)C=C3)=NN2C(C)=O)=CC(OC)=C1OC,3.8019519795692163
547,COC1=CC(O)=C(C(=O)OC2CC3(C)C4CC(C)(C)CC4C=C(C=O)C23OC)C(C)=C1Cl,3.53446859529
548,CC1=CC=CC(C)=C1CNC(=O)C1=NN(C2=CC=C(Cl)C=C2Cl)C(C2=CC=C(Cl)C=C2)=C1CN1C=NC=N1,4.628750047117434
549,CC1=CC=C2OC(=O)N(CC(=O)NN=CC3=CC=C(Br)C=C3)C2=C1,3.2528210992711766
550,COC1=CC=CC(OC)=C1CC(=O)N1CCC(C)C2=CC=CC(CCN3CCN(C4=NSC5=CC=CC=C45)CC3)=C21,4.438959793226079
551,CC1=CN2C(=O)N=C(SCC(=O)NC3=NOC(C)=C3)N=C2C=C1,3.9405424363561092
552,COC1=CC=C(OC2=CC=C(C3=CC4=CC=C(C(=N)N)C=C4N3)C=C2)C=C1,4.067889609706737
553,COC1=CC(NCCNC(=O)C2=CSC=C2C)=CC(OC)=C1,2.9989645688944497
554,COC1=CC(C=C2NC(=S)NC2=O)=CC=C1OCCCOC1=CC=CC(Cl)=C1,3.028011208411647
555,CSC1=NN=C(C2CCN(C(=O)N3CCCC3)CC2)N1C,3.826679426108477
556,COC1=CC(CC2=CN=C(N)N=C2N)=CC(OC)=C1OCC(C)C,3.8451451000535757
557,C#CCOCCOCCOCCNC1=NC(N2CCN(C(=O)CN3C=C(CCCN=C(N)N)N=N3)CC2)=NC(N2CCN(C(=O)C(C(C)CC)N3C=C(CCCCN)N=N3)CC2)=N1,4.989258942010554
558,CON=C(CCCC1=CC(C(F)(F)F)=CC(C(F)(F)F)=C1)C(CCN1CCC(O)(C2=CC=CC=C2)CC1)C1=CC=C(Cl)C(Cl)=C1,4.34439807068702
559,O=C(CCCCC1=CN(CC2=CC=C(Cl)C=C2)N=N1)NO,4.177729194473306
560,CC1NC(=O)C(C(C)C)OC(=O)C2(C=CC3=CC=C4C=CC(=NC4=C3)C(C)OC(=O)C3CCCN(N3)C1=O)CCC(O)CC2,4.820619353300717
561,C[N+]1(C2CCN(C(=O)C3=CC=C(C(=O)N4CCC(N5CCCC5)CC4)C=C3)CC2)CCCC1,3.6818706869720916
562,O=C(CC1CC=CCCCCC(=O)OC(C2=CC=CC=C2)CNC1=O)NCC1=CC=C(Cl)C=C1,4.153862626702868
563,CCOC(=O)CCNC(=O)N1CCC2(CC1)CC(=O)N(C1=CC=C(C(=N)NO)C=C1)C2,4.680577978091921
564,CC1=NOC(C)=C1COC1=CC=C(CC(=O)NCCC2=CC=CC=N2)C=C1,3.8088998252932287
565,CCC1=NN(CCO)C(CC)=C1OC1=CC(C)=C[N+]([O-])=C1,3.9342242047577747
566,O=S(=O)(CCCNCCC1=CC=C(O)C2=C1SC(O)=N2)NCCSCCC1=CC=CC=C1,4.992925673400485
567,CC(=O)NC1=CC=C(NS(=O)(=O)C2=CC=C3C(=C2)OC(=O)N3C)C=C1,3.0480243982375277
568,CCNC1=CC2=C(CCN(C(=O)CC3=NOC4=CC=CC=C34)C2)N=N1,4.9912240696737324
569,CC(=O)N1CCC2=NC(N3C(C)=CC4=CC=CC=C43)=NC(NCC3=CC=CC=C3)=C2C1,4.255291805597093
570,O=C(COC(=O)C1=C2C=CC=CC2=NN1)NC(=O)NCC1=CC=CO1,3.6865966614157113
571,NCNC(=O)C1=CN=CC(C2=CN=C(NC3=CC(N4CCC(F)(F)CC4)=CC=N3)S2)=C1,4.771652805189688
572,COC1=CC=C(CC(N)C(=O)NC2CCCC(N3C=NC4=C(N(C)C)N=CN=C43)C2O)C=C1,4.511666049430292
573,CCC1(O)CC(=O)OCC2=C1C=C1C3=C(CN1C2=O)C([Si](C)(C)C(C)(C)C)=C1C=C(N)C=CC1=N3,4.384055142823706
574,CC(C)(C)C1=C(C(=O)[O-])N2C(=O)C(CNS(=O)(=O)CC3=CC=CC=C3)C2O1,2.8418429513029375
575,CSC1=CC=C(C#C[AlH3](C)CC2OC3OC4(C)CCC5C(C)CCC(C2C)C35OO4)C=C1,4.031834973329071
576,C1=CC=C(CNC2=NC3=CC=CC=C3N3C=CN=C23)C=C1,3.485162182562791
577,CC(=O)CSC1=NC=NC2=C1OC1=CC=CC=C12,3.728551382931117
578,CCOC1=CC=C(C2=CC=CC=C2C(=O)NC2=CC=C3C=C(C(=O)NC(C(=O)N(C)CC4=CC=C(F)C=C4)C4=CC=CC=C4)C=CC3=N2)C=C1,4.983541628545064
579,OC(=NCC1=CC=C(Cl)C(Cl)=C1)C1COC2=C1SC=N2,3.6261532947721813
580,COCCNC1=NC2=C3C=CC=CN3N=C2C(NC2CCC(C)CC2)=N1,4.243552038502772
581,CC1=CC=CN2C(CNC(C)CO)=CN=C12,3.1288450760902227
582,CCCCCCCCCON=C(C1=CC=C(Cl)C=C1)C1=CC=C(OC(C)(C)C(=O)O)C=C1,3.2014143093253478
583,N=C(N)NC(=O)C1=CC=C(N2CCC(NC(=O)C3=CC=CN3)C2)C(C(F)(F)F)=C1,4.740229946028187
584,CNC1CCN(C(=NC2=CC=C(C(=O)NCCC3=CC=C(Cl)C=C3Cl)C=C2)NC2CCCCC2)C1,4.998247423937308
585,CN1C=C(CNC2CCC(O)CC2)C(C2=CC3=CC=CC=C3O2)=N1,4.079965363915997
586,C=C(C)C1CC(O)C2(C)OC3=C(CC12)C(=O)C(O)(CO)CC3O,3.167712648297823
587,N#CC1(NC(=O)C(N)CC2=CC=CS2)CC1C1=CC=CC=C1,3.290239088255277
588,O=S(=O)(NC1=CC=C2OCCOC2=C1)C1=CC=C(F)C(F)=C1,2.7833576573197982
589,CC(C)(C)C#CC1=CC(N2C(=O)C(CCCO)OCC2C2CCCCC2)=C(C(=O)O)S1,4.098222524568873
590,COC1=CC=C(C(=O)CCC(=O)NC2=CC=C(OC)C(Cl)=C2)C=C1,2.4756940959361207
591,COC1=CC2=C(NC3=C(F)C=CC4=C3OCO4)N=CN=C2C=C1OCCCN1CCOCC1,4.426253241943172
592,N#CC1=CC=C2NC(C3=CC=NC=C3)=C(C3=CC=C(F)C(Cl)=C3)C2=N1,4.020300381297602
593,CC(C)=CCN1C(=O)N(CC2=CC=CC(Cl)=C2)S(=O)(=O)N2C=CC=C12,3.7378936985278575
594,COC1=NC(C2=NN(C(C)C)C=C2C2=CC=NC(NCC(C)O)=N2)=CN=C1N,4.378262984096134
595,COC1=CC=C(C(=O)C2C3C(=O)N(C4=CC=C(OC(C)=O)C=C4)C(=O)C3C3C=CC=NN32)C=C1,3.4560899036926735
596,COC1=CC=C(C2=CN(C3=CC=CC=C3)N=C2C(=O)O)C=C1OC,3.0330583049957593
597,BP(=O)(OCC1OC(N2C=NC3=C(N)N=C(SC)N=C32)C(O)C1O)OP(=O)(O)C(F)(F)P(=O)(O)O,4.182440431071913
598,NCCNCCCNC(=O)C1=CC=CC2=C(N)C3=CC=CC=C3N=C12,4.193313734650477
599,CCN(CC1=CC=C(Cl)N=C1)C1=C([N+](=O)[O-])CN(CC(=O)OCC(C)C)CN1C,3.8691453690881796
600,NC1=CC=C(C(=O)C2=NC(C(=O)O)=CC3=CC(O)=C(O)C=C23)C=C1,3.6534599245154418
601,O=C(NCCCOC1=CC=C2NC3=NC(O)=NC3=CC2=C1)N1CCN(CC2CCCCC2)CC1,4.986106423428545
602,OC1=CC=C(C2=C(C3=CC=C(O)C=C3)C(C3=CC=C(O)C=C3)=C(C3=CC=C(O)C=C3)O2)C=C1,2.8320660397184945
603,O=C(O)CCNC(=O)C1CCCN(C(=O)NCC2CCNCC2)C1,4.012193706154919
604,CCCCCCCCCCCCOC(=O)C(C(=O)NC1=C(OC)C=C(OC)C=C1OC)C1=CC=CC=C1,3.05884748156888
605,CS(=O)(=O)NC1=CC=C2C(=C1)C(C1=CC=CC=C1)OC1=CC=CC(C3=CC=CS3)=C12,4.834667425589489
606,CN1C(C(C)(C)NC(=O)C2=CC=CC=N2)=NC(C(=O)NCC2=CC=C(F)C=C2)=C(O)C1=O,4.6621944989600825
607,CC1=CC=C2N=C(C)C=C(OCC3=CC=C(C4=CC=CC=C4C4=NNN=N4)C=C3)C2=C1,3.430535227797322
608,N#CCC1(N2C=C(C(=N)O)C(=NC3=CC=NC(F)=C3)N2)CCN(C(=O)CN2C=CN=C2)CC1,4.505701447339194
609,CCN(CC)C1=CC=C(CN(CC2=CC=C(Cl)C=C2)S(=O)(=O)C2=CC=C(C)C=C2)C=C1,2.573531165709869
610,CC(O)C(CO)NC(=O)C1=C2N=C(N3CCCC3C3=CC(F)=CC=C3F)C=CN2N=C1,4.7805328087554715
611,NCCCCCCOC1=CC=C(CCC(=O)O)C=C1,3.3225629256484717
612,COC1=C(O)C=CC2=C1OC1=CC=CC=C1C2=O,2.652375057893207
613,CCOC(=O)C1CCCN(C(=O)CCC(=O)N(CC(C)(C)C)C2=C(OC)C=C(Cl)C=C2C(O)C2=CC=CC=C2OC)C1,3.9871544187263352
614,CCOC(=O)C1=C(C(C)(C)C)OC2=CC=C(O)C=C12,2.4746334796797824
615,CC(C#CC1=CC=C(C)C=C1)=CCON=C1CN2CCC1C2,3.9236162144179523
616,CC1=CC=C(NC(=O)C2=CC=C(CN3CCC(CN(C)C)C3)C(C(F)(F)F)=C2)C=C1NC1=NC=CC(C2=CN=CN=C2)=N1,4.9995956222689735
617,CC1=CC=C2N=C(NC3=NCC4(CN5CCC4CC5)O3)SC2=C1,4.155832829951208
618,CNC(=O)C1CN(C(C)C)CCN1C1=NC(C)=CC(C)=N1,3.803861322237857
619,CC(NC(=O)C1=C(C(=O)NC(CCCCNC(=O)OC(C)(C)C)C(=O)OC(C)(C)C)N=CN1)C1=CC=CC=C1,3.4356682721767773
620,CCCN(CCC)C1CCC2=CC=CC=C2C1C,4.071352497391183
621,OC1=CC=C(C2OCC3C(C4=CC=C5OCOC5=C4)OCC23O)C=C1,2.5591020525583614
622,COC1=NC=CC2=C1N(C1CCC(C)(C)CC1)C1=NC(NC3=CC=C(N4CCNCC4)C=N3)=NC=C21,4.451188107290488
623,C=C(C)C1CCC2(C(=O)OCCN3CCN(C(=O)C(CC)CCCC)CC3)CCC3(C)C(CCC4C5(C)CCC(=O)C(C)(C)C5CCC43C)C12,4.989804157783707
624,COC1=CC(OC)=CC(C2C3=C(NC4=CC5=C(C=C42)OCO5)C(C)(CC(C)C)NC3=O)=C1,3.512690503876132
625,CCCCCCNC(=O)NC(=N)NCCCN1CCN(CCCNC(=N)NC(=O)NCCCCCC)CC1,4.0003473815164625
626,NC1=NC(N)=C2N=CC(C3=CC=C(O)C(O)=C3)=NC2=N1,3.7458899019310086
627,COC1=CC=C(NC(=S)OC(C)COC2=CC=CC=C2)C=C1,2.546876472115071
628,CCCCCCCN(CCCCCCC)CC(O)C1=CC2=C(Cl)C=C(Cl)C=C2C2=NC=CC=C12,4.538466933564454
629,CCC(C)CN1CC2CCC(NC(=O)C3=CC(Cl)=CC(Cl)=C3)C2C1,4.173049821646275
630,COC(=O)C12CC3CC(C(C)O)C1N(CCC1(O)C2=NC2=CC=C(OC)C=C21)C3,4.396353747228591
631,OC1=C(C2=CC=CC=C2)SC(C2=CC=C(F)C=C2)=N1,3.044480548057596
632,CCOP(=O)(OCC)C(NC1=NC2=C(C)C=CC=C2S1)C1=CC=C(C(F)(F)F)C=C1,3.923585961864244
633,CCCCC12CN3CC(C)(CN(C1)C3C1=CC(Br)=CC=C1O)C2=O,3.1363468544498576
634,COC1=CC=C(C(=O)NC2CCCC3=CC=CC=C32)C=C1S(=O)(=O)N1CCOCC1,3.7899520488061267
635,C1=CC=C2C=C(OCCCN3C=CN=C3)C=CC2=C1,2.993907434225175
636,CCOC(=O)C(C)NP(=O)(OCC1OC(N2C=NC3=C2N=C(N)NC3=O)C(C)(O)C1O)OC1=CC=CC2=CC=CC=C12,4.614588307476
637,CCC(C)C(NC(=O)OCC1=CC=CC=C1)C(=O)NC(=O)NCCCC(N)C(=O)NC1=CC=C(COC(=O)NC2CC(OC3CC(O)(C(=O)CO)CC4=C(O)C5=C(C(=O)C6=C(OC)C=CC=C6C5=O)C(O)=C43)OC(C)C2O)C=C1,4.90303768181091
638,COC1=CC=C(C2=CC=C(C=C(C#N)C3=NC4=CC=CC=C4N3)O2)C=N1,3.741999017598589
639,NC1=NC(=O)N(C2C=CC(CO)C(CO)S2)C=C1,3.5559035541788804
640,CC(C)C1=NN=C2CN(C(=O)C3=CC=CC(OCC(N)=O)=C3)CCN21,4.583944873192127
641,CC1=C(NC2=C(C#N)C=NC=C2C=CC2=CC=CC(CN3CCNCC3)=N2)C=CC2=C1C=CN2,4.757133003841767
642,CCCOC1=C(Br)C(C)=C(C(=O)N2CCC(C3=CC(CN)=CC=C3F)CC2)S1,4.345973423864717
643,C#CC1CCC2C3CC=C4CC(O)CCC4(C)C3CCC12C,2.7850768614520525
644,COC1=CC=C2C(=O)N(CC3(C)NC(=O)NC3=O)NC2=C1,3.332337106261793
645,CC1=CC=C(C(=O)N2CC(C3=CC=C(C#N)C=C3)C2)C=C1C1=C(C2CC2)N=C(C(F)(F)F)N1,4.966252285525933
646,O=C(NC1=CC=C2N=C3CCCCCN3C(=O)C2=C1)C1=CC([N+](=O)[O-])=CC=C1F,3.7675484522333496
647,CCOC(=O)NC1CCC1N,2.3517292558891882
648,CCCCCCCCCCCCCCCCOCCOP1(=O)COC(CN2C=NC3=C(N)N=C(N)N=C32)CO1,4.59944053406841
649,CCCCCC1=CC(=O)NC(N)=N1,2.9120756350995487
650,CCC1=C(Br)SC2=NC(O)=C(C3=CC=CC=C3)C(O)=C12,3.5851343885492697
651,CC(C)(CNC(=O)C1(O)CCCC1)CN(C1=NS(=O)(=O)C2=CC(F)=CC=C12)C1=CC=CC=C1,4.216306694050074
652,CC1=CC=C2C(CC3=CN=CC=N3)=C(CCN(C)C)CC2=C1,4.684924167383112
653,N#CN=C(NCCCN1CCN(CC2=CC=C3OCOC3=C2)CC1)C1=CC=NC=C1,4.327956917995263
654,CC1(C)CCC(CN2CCN(C3=CC=C(C(=O)NS(=O)(=O)C4=CC=C(OCC5(F)CCOCC5)C(Cl)=C4)C(OC4=CN=C(N)C(Cl)=C4)=C3)CC2)=C(C2=CC=C(Cl)C=C2)C1,4.999900577491793
655,CC1=NC2=CN=C3C=CC(C#CCNC(=O)C4=CC=CN(C(C)C5CCCCC5)C4=O)=CC3=C2N1C(C)C,4.994418250004462
656,O=C(CC1SC(=O)NC1=O)NC1=NC(C2=CC=CC(Cl)=C2)=CS1,3.9902999812209905
657,CC1=CC=C(S(=O)(=O)N2CCOCC2)C=C1NC(=O)CNCC1=CC=C(Cl)C=C1Cl,4.184817218915448
658,CN1C(=O)OC2=CC(S(=O)(=O)NCCC(=O)N3CCC4=CC=CC=C4C3)=CC=C21,4.718276827310215
659,CC1=C([N+](=O)[O-])C(C(=O)N2CCN(C(C3=CC=C(Cl)C=C3)C3=CC=C(Cl)C=C3)CC2)=NO1,2.5312458834433746
660,C1=CC=C(C2=CC(NCCNC3=CC(C4=CC=CC=C4)=NC4=CC=CC=C34)=C3C=CC=CC3=N2)C=C1,3.4589573777584683
661,O=C(NCCOC1=CC=C(CC2SC(=O)NC2=O)C=C1)NC1=CC=C(F)C=C1,4.3022440194512654
662,COC1=CC=C2CCC(CCNC(=O)C(F)(F)F)C2=C1C,3.1407936179859504
663,C=CCOC1=CC=C(F)C=C1C1CC1CN,3.105204625280269
664,CC(C)NC(=O)NC1CCC(CC(=O)NCC2=CC=C(OC3=CC=CC=C3)C=C2)OC1CO,4.299170034922229
665,CN1CCN(S(=O)(=O)C2=CC=C(C#N)C=C2)C(C2=CC=CC=C2)C1,3.3136604572791994
666,O=C(NC1=CC=CC(C(F)(F)F)=C1)NC1=CC=C(N2CCCC2)C(S(=O)(=O)NC2=CC=CC=C2Cl)=C1,4.313665113941084
667,COCCN(CCOC)C(=O)C1CCC2=C(C1)SC1=NC=NC(NC3=CC=C4N=C(O)SC4=C3)=C21,4.992592178336286
668,CCOC(=O)N1CCN(CCC(=O)NC2=CC=C(C)C=C2)CC1,2.475083659148962
669,CS(=O)(=O)NC1=CC2=C(C=C1OC1CCOCC1)C(=O)CC2,4.039843472707828
670,CC1=C2C(=NC3=CC=CC=C23)N(C)C2=CC=C(NC(=O)C(N)CC3=CN=CN3)C=C12,4.927225510456391
671,CCC1=CC(NCC2=CC=CC=C2F)=C(O)N=C1C,3.5132644804500806
672,CCCCCCCCCCC(=O)OCCC1=CC=C(O)C(O)=C1,3.401464539341354
673,O=C(C1=CC(F)=CC=C1F)C1CCCN(CC2=CC3=NON=C3C=C2)C1,4.315369418115425
674,CCCCCCCCCCCCCCCCCCSCC(COP(=O)(O)OP(=O)(O)OCC1CCC(N2C=CC(N)=NC2=O)O1)OC(=O)CCCCCCCCCCCCCCC,4.694864487510864
675,CCCN1CC2=C(C1)N(C1=CC=C(F)C=C1)C1=CC=C(F)C=C21,4.14955997855464
676,CC1=CC(C)=C2C(=O)N(CC(=O)NC3=CC=C(Cl)C=C3)SC2=N1,3.5107254565741752
677,CCCCCCCCC(O)C1=CC=C(C=CC(O)CCCC(=O)[O-])S1,3.581020192841554
678,CN1C(=O)NCC2=C(NC(=O)NC3CC(C)(C(F)(F)F)OC4=CC=CC=C43)C=CC=C21,4.222550186469328
679,COC12C(CC(=O)ON)C3=C(C(=O)C(C)=C(N)C3=O)N1CC1NC12,3.7562089234947935
680,CCC1=NC(C)=NC=C1C(=O)N1CCOC(C2=NC(C)=NN2)C1,4.2377797682635485
681,O=C(O)C1=CC=C2C=C(C3=CC=C(C(=O)O)C(C45CC6CC(CC(C6)C4)C5)=C3)C=CC2=C1,3.8513519310400985
682,CON1CCC(SC2=CN(C)C3=CC=C(C(=O)O)C=C23)CC1,3.7182647031009215
683,CCCCC1=C(C2=CC=CC=C2OC)N=CN1CC1=CC=C(C(C)(C)C)C=C1,3.465154396478972
684,NC(=O)OP(=O)([O-])[O-],1.4840583648666774
685,COC(=O)CCC(C)C1CCC2C3C(OC(C)=O)CC4CC(OC(C)=O)CCC4(C)C3CC(OC(C)=O)C12C,3.4215321496672075
686,COC1=CC=C(CCN2C(=O)NC(NS(=O)(=O)C3=CC=C(Cl)C=C3)(C(F)(F)F)C2=O)C=C1OC,3.8799766790076347
687,CC(=O)NC1=CC(=O)C2=CC=C(C3=NC(C(=O)OC(C)CO)=CC4=C3NC3=CC=CC=C34)N=C2C1=O,4.967113067907082
688,O=C1CCCN1CCCNS(=O)(=O)C1=CC=C(Br)C=C1,2.845799508062499
689,CCCCN1C(=O)C2=NC(C(=O)O)=CN2C2=CC=CC=C21,3.731407330821857
690,CC(C=CC1=CC=CC=C1)=NNC1=NC(C2=CC=CC=C2)=CS1,3.501337327066388
691,CC(C)CNC(=O)C=CC=CCCC1=CC=C2OCOC2=C1,3.036551331405252
692,CC(C)CC(NC(=O)C(C)NC(=O)C(CC1=CC=CC=C1)NC(=O)OC(C)(C)C)C(O)CSC(C)C,3.466091255847046
693,COC1=CC=CC(CCN2CC3=CC=C(C(=O)NC(C)C)C=C3N=C2C2=CC=CN=C2)=C1,4.5000663689941955
694,NCCSC(CC1=CC=CC=C1)(C1=CC=CC=C1)C1=CC=CC(Cl)=C1,2.937571941322358
695,CCOC1=CC=C2N=CC(S(=O)(=O)C3=CC=CC=C3)=C(N3CCC4(CC3)OCCO4)C2=C1,3.1722684500421976
696,CC1(C)CCC(CN2CCN(C3=CC=C(C(O)=NS(=O)(=O)C4=CC=C(NC5CCN(C6CC6)CC5)C(S(=O)(=O)C(F)(F)F)=C4)C(OC4=CNC5=NC=CC5=C4)=C3)CC2)=C(C2=CC=C(Cl)C=C2)C1,4.99999642968477
697,CC1=CC=CN=C1C1=CC(OC2=CC=C(S(C)(=O)=O)C=C2)=CC(C(=O)NC2=NN(C)C=C2)=C1,4.628564103540064
698,CC1=C(NC(=O)C2=CC=C(Cl)S2)C(=O)N(C2=CC=CC=C2)N1C,3.0004856612643724
699,O=C(O)COC1=CC=CC(CCC2=NC(C3=CC=C(Cl)C=C3)=C(C3=CC=C(Cl)C=C3)O2)=C1,4.502468204556608
700,O=C1CCC(C2=NC(C3CCN(C(=O)CC4=CC=CS4)CC3)=NO2)N1,4.256912778284401
701,CCOC(=O)C=CCC1CC(C)C(=O)C=CC(C)=CC(COC2OC(C)C(O)C(OC)C2OC)C(CC)OC(=O)CC(O)C(C)C1OC1OC(C)C(O)C(N(C)C)C1O,4.205627410242033
702,C1=CN=C2NC(CCC3CCCCC3)=NC2=C1,3.556259755018033
703,COC(=O)N1CCN(CC(=O)C2=CC=C(Cl)C(Cl)=C2)C(CN2CCCC2)C1,3.99270067969162
704,CC1=NC2=CC=CN=C2N2C(C3=CC(OC4CCOCC4)=CC=C3Cl)=NN=C12,4.602692681328794
705,COC(=O)C1(C)CCCC2(C)C3CCC4CC3(CCC12)CC4C(=O)O,3.460147111700026
706,C=CC1(C)CC(=O)C2(O)C(C)(O1)C(O)C(OC(=O)CN1CCC(NC(=O)C3=CC=CC=C3)CC1)C1C(C)(C)CCC(O)C12C,4.359781131837761
707,COC1=CC=C(C2=C(C3=CC=C(OC)C=C3)SC(SCC3=CC=C(OCC(=O)O)C=C3Cl)=N2)C=C1,4.142413266139446
708,O=C(C1CCCN(S(=O)(=O)C2=CC=CC3=NSN=C23)C1)N1CCN(C2=CC=CC(Cl)=C2)CC1,4.690579440107463
709,CC1=CC(C(=O)NCCO)=NC=C1C1=CC(C(F)(F)F)=CC2=C1C=NN2,4.094901074135218
710,CC(C)CC1CN2C(=NCC2C)N1CCCC1CCCCC1,4.488669192355934
711,CNC(=O)COC1=CC=CC(NC2=NC=C(F)C(NC3=CC=C(N4CCOCC4)C=C3)=N2)=C1,4.620654752244402
712,CC1=CC=CC(N2CCN(C(=O)C3CCCN(S(=O)(=O)C4=CC=C5C(=C4)OC(=O)N5C)C3)CC2)=C1C,4.979636565394504
713,CC(=O)N1CCN(C2=CC=C(C)C=C2)C(=O)C1C(O)C(=O)NC1=CC=C2C(N)=NC=CC2=C1,4.77363423512194
714,CC1=CC2=CC(=C1)C(=O)NC(C(O)CNCC1=CC=CC(C(C)C)=C1)COCC=CCCNC2=O,4.634499819095407
715,CC(=O)C(F)(F)CCCCOC1=CC=CC(OCC2=CC=CC=C2)=C1,2.569112403315996
716,COC1=CC=CC(NC(=O)CCC(=O)NC2=CC=CC(OC)=C2)=C1,1.78825018229842
717,CC(C)C1=NC2=C(CCN(C3=NC4=CC=CC=C4N=C3C(F)(F)F)CC2)C(NC2=CC=C(C(F)(F)F)C=C2)=N1,4.9904163382805695
718,CC(=O)C1=C(O)C(=C(C)NC2=CC(N)=CC(O)=C2)C(=O)OC1=O,3.025545898620605
719,CN1C=C(C(=O)C2=CC=C(Cl)C=C2Cl)C=C1C1=NN=C(COC2=CC=CC=C2)O1,4.290022703854509
720,COC1COCCC1NC1CCC(C(=O)N2CCN(C3=CN=CC(C(F)(F)F)=C3)CC2)(C(C)C)C1,4.580901332610098
721,O=C1NC(=O)C(C2=CC=CC(Cl)=C2)=C1NC1=CC=CC(O)=C1,3.4577007656318366
722,CCCCCCCCCCCCCCCCSCC(C[N+](C)(C)C)OCCCCC,2.6532377494415167
723,NC1=CC(O)=NC(SCC2=CC=C(Cl)C=C2Cl)=N1,2.4956215803602637
724,COC1=CC=C2C=C(C3CC(=O)N3C3=CC(OC)=C(OC)C(OC)=C3)C=CC2=C1,3.2788517632389693
725,CCOC(=O)N=C(NC1=NC(=O)C(=O)N1C(C)C)NC1=CC=C(Cl)C(Cl)=C1,3.7085251733193743
726,CC(C)(C)NC(=O)C1=CC=CC=C1CC(O)C(CC1=CC=CC=C1)NC(=O)C(CS(=O)(=O)C1=CC=C2C=CC=CC2=N1)NS(C)(=O)=O,4.571133317413086
727,CC1=CC(=O)C2C(C)(C)CCCC2(C)C1(O)CCC1=COC=C1,3.631913466536045
728,COC1=CC(OC)=C(S(=O)(=O)N2C3=CC=CC=C3CCC2C)C=C1NC(=O)C1=CC=CC=C1,3.7277536140242327
729,CSC1=CC=CC(NC(=O)CN(C)S(=O)(=O)C2=CC=CC=C2)=C1,2.869902829817291
730,O=C1C2=CC(F)=CC=C2OC2(CCNCC2)C12CC(C1=CC=CC=C1)=NO2,3.78612414074618
731,CC1=CC=CC=C1C(=O)NC1=NN=C(S(=O)(=O)N(C)CC2=CC=CO2)S1,3.956070276113265
732,COC(=O)NC1=CC=C(C2=C(Cl)NC(C3CC(C4CCN(S(C)(=O)=O)CC4)CN3C(=O)C3=CC=C(NC(=N)N)C=C3)=N2)C=C1,4.996893959774331
733,O=S1NC(CC2=CC3=CC(Cl)=CC=C3S2)=NO1,3.707783967017475
734,CCCCOC(=O)C(=CC1=CC=C([N+](=O)[O-])O1)NC(=O)C1=CC=CC=C1,2.8890992973202745
735,CNC(=O)C1OC(N2C=NC3=C(NCC4=CC=C(S(=O)(=O)O)C=C4)N=CN=C32)C(O)C1O,4.586551932340273
736,CC1=NC(CN2CCN(C(=O)C3=CC=C(Br)C=C3)CC2)=CS1,3.599554352687256
737,CC1CCN(C2=NC(C(F)(F)F)=CC=C2CCNC(=O)C(C)C2=CC=C(NS(C)(=O)=O)C(F)=C2)CC1,4.964238734032181
738,CC(C)(C)OC(=O)NC(CCNCC(O)C(CC1=CC=CC=C1)NC(=O)OC(C)(C)C)CC1=CC=CC=C1,3.2255932397243225
739,CC12CCC3C(CCC4CC(O)(CN5CCN(CC6=CC=C(C(F)(F)F)C=C6C(F)(F)F)CC5)CCC43C)C1CCC2=O,4.993783125204363
740,CCCN(CC(=O)NC1=CC=C(C(N)=O)C=C1)CC(=O)NC1=CC=C(Cl)C=C1Cl,4.215363447309688
741,CCS(=O)(=O)NC1CN(CC(C)(C)N2CCOCC2)CC1C1CC1,4.082741652028659
742,CC1=CC=C(OCC(=O)NC2=CC=C3OC(=O)C=CC3=C2)C=C1C,2.9530980890126046
743,COC(=O)C1(C)CCC2(C)CCC3(C)C(=CC(=O)C4C5(C)CCC(OC(=O)C(N)CCC(=O)OCC6=CC=CC=C6)C(C)(C)C5CCC43C)C2C1,4.077375252325899
744,O=C1NC(CC2=CNC3=CC=CC=C23)COC(=O)C(CC2=CC=C(F)C=C2)CC=CCC1CC(=O)N(CCO)CC1=CC=CC=C1,4.25123023955905
745,CC1=CC(OC2=CC=C(C(=NO)N3CC=CCC3)C=N2)=CC(C(C)C)=C1,4.116039833949059
746,CNC(=O)C1=CC(OC2=CC=C(C=CC(=O)C3=CC=C(Br)C=C3)C=C2)=CC=N1,3.2917239073711952
747,CN1C(=O)C(CC2=CNC3=CC=CC=C23)N(C)C1=S,3.4858769204747757
748,COC1=CC(C2=NN=C(COC3=CC(=O)OC4=CC=CC=C34)N2)=CC(OC)=C1OC,3.662984680276496
749,COC1=CC=C(C(C2=C(O)C(=O)C=C(C(C)C)C=C2)C2=CC=C3C=CC=NC3=C2O)C=C1,3.097277331544772
750,COCCN1CCC(C2=NN3C=C(NC(C)C)C=CC3=N2)CC1,4.702023792859584
751,CC(C)CN(C(CO)CCCCNC(=O)C(NC(=O)NCC1=CCCN=C1)C(C1=CC=CC=C1)C1=CC=CC=C1)S(=O)(=O)C1=CC=C(N)C=C1,4.606580473388389
752,CC1=CC=C(C(=O)NC2=CC(C(C)(C)C)=NN2C)C=C1NC1=NC=NC2=CN=C(NCC3=CC=CC=C3)N=C12,4.731617539296314
753,CC(=O)OC1(CC#CC2=CC=CC=C2)C=CC(=O)C1=CC1=CC=CC=C1,2.471232193140513
754,O=C(NC1=CC(C2=CC=CC(NS(=O)(=O)C3=CC=CC=C3)=C2)=NN1)C1=CC=C(C(F)(F)F)C=C1,4.242176535791536
755,CC1=CC=CC(OCCC2=CC(=O)OC3=CC(O)=CC=C23)=N1,3.0433961383717274
756,CC1NC(C2=CC(C#N)=CC=N2)=NC1(C1=CC=C(F)C=C1)C1=CC=C(F)N=C1,4.024562346779414
757,O=C1NC2C(=O)C3=C(Br)SC(Br)=C3C2O1,2.5456147181703237
758,CCCC1=CC2=NC1=CC=C1NC(=C3C=C(CCC)C(=N3)C(OC(C)=O)=CC3=C(CCC)C=C2N3)C=C1CCC,4.4259266661642656
759,CN(C)CC(=O)N(CC1=CC=C(Cl)C(Cl)=C1)CC1=CSC(C2=CC=C(CNCC3=CC=CC=C3)C=C2)=N1,4.463733127247152
760,CC1=CN=CC(C2=CN=C(NC3CCNCC3)C3=C2C=C(C)C(=O)N3)=C1,4.488775167437252
761,CCOC(=O)C1=C(C)N=C(C)C(=C(O)OCC)C1C(=O)OCC(=O)N1CCCCC1CC,3.799462883129395
762,CC(C)OCCCNC(=O)NC1=CC=CC2=NC=CC=C12,3.6029003681155105
763,O=C1CC2(CO1)CSC(=S)N2C1=CC=CC=C1O,3.1690119230133327
764,CCC(NC(C)CC(=N)O)C1=CC=C(Cl)C(C(=O)C2=CC=CC(CO)=C2)=C1F,3.666513548497859
765,CCCCCCCCCCCCCCNC(CO)C(O)C1=CC=C([N+](=O)[O-])C=C1,3.0449537161008777
766,CC(C)(OC1=CC=C(C(=O)C2=CC=C(Cl)C=C2)C=C1Cl)C(=O)N1CCN(C2=CC=CC=C2)CC1,3.402568639156613
767,CC(OC1OCCN(CC2=NNN=C2CN2CCC2)C1C1=CC=C(F)C=C1)C1=CC(C(F)(F)F)=CC(C(F)(F)F)=C1,4.408280890150172
768,NC1=NNC(SCCN2CCC(CC3=CC=CC=C3)CC2)=N1,3.76102680780541
769,C=CCC1OC2=CC3=C(O)C(C(=O)O)=CN=C3N=C2N2CCCC12,3.9280924132786974
770,CC(C)C(NC(=O)OCC1=CC=CC=C1)C(=O)NC(CC1=CC=CC=C1)C(O)C(CC1=CC=CC=C1)NC(=O)C(NC(=O)OCC1=CC=CC=C1)C(C)C,2.7991547279049067
771,CN1C=CC=C1C1CC2CSC(N)=NC2(C2=CC=C(F)C=C2F)CO1,4.261370274246595
772,CSCC(O)C(CO)NCC1=CNC2=C(N)N=CN=C12,4.183676651651386
773,COC1=CC=C(CNC(C)C2=CC=CC(Cl)=C2)C(OC)=C1OC,2.9287887272110487
774,CCCN(CCCCCCN(CCC)C1CCC2=C(O)C=CC=C2C1)C1CCC2=C(O)C=CC=C2C1,4.070440622980509
775,O=C1C=C(C2=CC=CC=C2Cl)OC(O)=C1SCC1=CC=CC=C1,2.678382162886079
776,CSC(=S)N(C)CC1=CNC2=CC=CC=C12,2.6360567438049345
777,O=C(C1=CC=CC(S(=O)(=O)N2CCC3=CC=CC=C32)=C1)N1CCC2=CC=CC=C2C1,3.537552136306422
778,O=S(=O)(NCCC1=CC=CC=C1)C1=CC=C(F)C=C1Br,2.5607688867345106
779,CC1=NN=C(NC(=O)C2=CC(S(=O)(=O)N3CCCCC3)=CC=C2Cl)S1,3.4961660800434755
780,O=C(NC1=CC=CC2=C1CCCC2)C1=CC=CC=C1F,2.6874369724996905
781,COC1(NC(=O)CC2=CC=CC=C2)C(=O)N2C(C(=O)O)=C(C[N+]3=CC=CC=C3)COC21,3.342043421340227
782,CC1=CC(C)=CC(S(=O)(=O)N2CCOC3=CC=C(C(=O)NC4=NC(CC(=O)O)=CS4)C=C32)=C1,4.516619337678536
783,O=C(NCP(=O)(OC1=CC=CC=C1)OC1=CC=CC=C1)OCC1=CC=CC=C1,2.090815957532885
784,O=C(NC1=CC=C(Cl)C(C(F)(F)F)=C1)C1=CC=C(NC2=NC=NC3=C2C=NN3C2=CC=C(Cl)C=C2)C=C1,4.7261857210102125
785,CCOC(=O)C1=C(O)C(=O)N(CC2=CC=CC=C2)CC1,2.415546938248892
786,O=C(NC1=NC(=O)N(C2CSC(COC(=O)P(=O)(O)O)O2)C=C1)P(=O)(O)O,3.5382849523986613
787,FC(F)(F)C1=CSC(N2CCOCC2)=N1,3.223708179578167
788,ClC1=CC=C2N=C3CCNCC3=C(C3=CC=CC=C3)C2=C1,3.8768931980792507
789,CC1=CC=CC(C)=C1N=CN(C)C,2.0001616387268983
790,CC1=CC=C(N2CCCC(N(C)C3=NC=NC4=C3CCC4)C2)N=N1,4.61433603241932
791,O=C(NC(=S)NC1=NC2=CC=CC=C2S1)C1=CC=CO1,2.1743859129245573
792,CC1CNC(=O)C2=C(C(=O)NC3=CC=CC(Cl)=C3)N=CN21,3.937536098164086
793,CC1=CN(CC=CCO)C(=O)NC1=O,2.5914516152354925
794,CN(C)CCN(CC1=CC=CC=N1)CC1=CC=NN1C1CCCCO1.O=C(O)CC(O)(CC(=O)O)C(=O)O,4.318546314964179
795,CCOC1=CC=C(NC(=O)NCCS(=O)(=O)CC)C=C1C,3.349345915036825
796,COCC1CC2C3CCC(=O)C3(C)CCC2C2(C)CCC(=NOC3CCNC3)CC12,4.611669641692529
797,COCCN1CCC(N2CC3=CC=CC(C(N)=O)=C3C2=O)CC1,4.930150851574658
798,COC1CCN(CC2=CC=C3NC(C4=C(N5CCN(C(=O)CN6C=CC=N6)C(C)C5)SC(C(F)(F)F)=N4)=NC3=C2)C1,4.999998146020419
799,COC1=CC=CC(C2=C(C)N(CC3=C(F)C=CC=C3F)C(=O)N(CC3CCCN3CC3=CC=CC=N3)C2=O)=C1,4.508057619861905
800,CC(C)(C)C(=O)OC1=CC=C(S(=O)(=O)NC2=CC=CC=C2C(=O)NCCO)C=C1,3.0869306622209556
801,C=CC(C)(O)C=CC=C(C)CCCC(C)=CC(=O)C=C(C)C,2.7511389540037685
802,COC(=O)C1=C(C)N=C(NC(=O)CSC2=NC(C3CC3)=NC3=C2C2=C(CCCC2)S3)S1,4.502041975185933
803,COC1=CC=C(C(=O)ON2C(C3=CC=C(Br)C=C3)=NC3=CC=CC=C3C2=O)C=C1,3.40436975279913
804,COC1=CC2=C(C=C1OC)C1=C(CN(CC(C)N3CCCCCC3)CC1)C(=O)O2,4.0208175513559095
805,CC(C)(C)C1=CC=C(C(=O)NC2=CC=C(C(=O)O)C=C2NC(=O)C2=CC=CC(C(=N)N)=C2)C=C1,3.8255766125574007
806,CC1=CC=C(C2=NN(C3=NC(C4=CC=CC=C4)=CS3)C(C3=CC=C(F)C=C3)C2)C=C1C,4.27563904887995
807,COC1=CC=C(NC(=O)C=CC2=CC(F)=CC(C(F)(F)F)=C2)C=C1OCCN(C(C)C)C(C)C,3.9085536137365446
808,CC1=CC=C(COCC(OCC2=CC=C(C)C=C2)C(O)C(O)C(COCC2=CC=C(C)C=C2)OCC2=CC=C(C)C=C2)C=C1,2.1353300907881057
809,CC1=NC2=CC=C(S(=O)(=O)N(CC(=O)NC3=CC=C(F)C=C3F)CC3=CC=CC=C3)C=C2S1,4.2837544284923545
810,CC1=CC=NC(C)=C1C(=O)N1CCC(N2CCC(N(C3=CC=CC=C3)C3=CC=CC=C3)CC2)CC1,4.005051140229167
811,CC(C(=O)NC1=C2CCCC2=CC2=C1CCC2)N1CCCC1,3.2591061141006916
812,CS(=O)(=O)N1CC2(CCC(C(=O)NC3=CC=C(C4=CC=CC=C4)C=C3)CC2)C2=CC=CC=C21,4.9174691502691275
813,CC1=C(C2=C(Br)C(=O)N(C)C2=O)C(=O)N(C)C(=O)N1C,3.2484770361464625
814,O=C1SC2=CC=CC=C2C(=O)N2C[S+]([O-])CC12,3.0448096357309393
815,CC(=O)NCC(=O)N1CCC2(CC1)CCN(CC1=CC=CC(OC(F)(F)F)=C1)C1=CC=CC=C1O2,4.643967678827206
816,CCCCCCCCCCCCCCCCNC1=C2C=CC=CC2=NC2=CC(C(=O)N3CCN(C)CC3)=CC=C12,4.690049361228704
817,COC1=CC=C(CNC=C2C(=O)NC(=O)C3=CC=C(Cl)C=C23)C=C1O,3.331812558642901
818,NCCCCCNC(=O)C1=C(C(F)(F)F)N(C2=NC(C3=CC=CC(C(F)(F)F)=C3)=CS2)N=C1,4.847596126998596
819,ClC1=CC=C(C2=CC(C3=CC=CC=C3)=NO2)C=C1,2.8115249244605156
820,COC1=CC=C(C=C2SC(=O)N(CC(=O)C(F)(F)F)C2=O)C=C1,3.269427941133886
821,CC(=NO)C1=CC=CC(C(C)(C)NC(=O)NC2=CC=C(Cl)C(Cl)=C2)=C1,2.991442851170154
822,CC1=NOC(C)=C1CN1CC2=CN(C)N=C2C(COCC2CC2)C1,4.497553068342694
823,COC1=CC=C(C=NNC2=CC(C)=NC3=CC=CC=C23)C=C1,3.1096250516738517
824,NC(=O)C1=CC=C2C(=C1)N=C(C1=CC=CC=N1)N2C1CCCC(NC(=O)C2=CC=C(Cl)S2)C1,4.973918287814428
825,O=C(NCCCCC1=CC=CC=C1)C1=CC=CC=C1CNCCC1=CC=C(C(F)(F)F)C=C1,4.032298218532773
826,CC1=CC=CC(OCCCN2CCN(CC(O)(CN3C=NC=N3)C3=CC=C(F)C=C3F)CC2)=C1,4.663694837538871
827,[N-]=[N+]=CC(=O)C1CCCN1C(=O)C1=CC=CC=C1,2.397532935885233
828,NC1=NC(CC2=CC=CC=C2Cl)CO1,2.5919056864707155
829,COC(=O)C(CC1=CNC=N1)NC(=O)C1CC(=O)N(C)C(=O)N1,3.7052222275618396
830,O=C(NO)NC1=CC=C(OCC2=CC=CC=C2)C=C1,2.447423862477562
831,CC(=O)NC(C(=O)N(C)C(C(=O)NC=CC1=C(CC=C(C)C)NC2=CC=CC=C12)C(C)C)C(C)C,4.432926537936349
832,O=C(CC1=CC=CC(OC2=NC=CC(C3=C(C4=CC=C(F)C=C4)N=CN3C3CCNCC3)=N2)=C1)NN1CCNCC1,4.811704498429851
833,O=C1OCC2=CC=C(NC(=O)C3=C(F)C=CC=C3Cl)C=C12,3.379957112480319
834,CC(=O)N1CCN(C(=O)C2=CC(SC3=CN=C(NC(=O)C4=CC=C(N(C)C)C=C4)S3)=C(C)C=C2O)CC1,4.7063295385660275
835,COC1=CC=C(C2=CC(C(=O)OC3=CC=C(C)C(C)=C3)=C3C=CC=CC3=N2)C=C1,3.0614672402019556
836,CCCCOC(=O)OC1=CC2=C(C3=CC=C(SC)C(=O)C=C3C(NC=O)CC2)C(OC)=C1OC,4.00401401692557
837,CC(C)(C)OC(=O)NC(CC1=CC=C(Cl)C=C1)C(=O)NCC1=NC2=CC=CN=C2N1C1(C2=CC=CC=C2)CC1,4.30611042183377
838,CN(C)C1C(=O)C(C(N)=O)=C(O)C2(O)C(O)=C3C(=O)C4=C(O)C=CC=C4C(C)(O)C3C(O)C12,3.491566812204323
839,CC(C)=NOCC(O)COCC1=CC=CO1,2.5244376808353213
840,O=C(NC1=CC=C(F)C=C1)NC1C(=O)N(CC(=O)N2CCCC2)C2=CC=CC=C2N(C2CCCCC2)C1=O,4.817610318401761
841,COCCNC(=O)CCC1=NN=C(CC2=CC=C(C3=CC=CC=C3)C=C2)O1,4.347249600749716
842,CC=C(NC(=O)C1CCC1)C(=O)O,2.3130559262281873
843,CN1C2=C(CC3C4=C(CC23)C2=CC=CC=C2N4C)C2=CC=CC=C21,3.0296998056091478
844,COC1=CC(C(=N)N)=CC=C1OCC=CCOC1=CC=C(C(=N)N)C=C1OC,2.3459113710291613
845,CC1=NC2=CC(NC3=NC(NC4=CC=C(F)C=C4)=NC(NC4=NC=CC=N4)=N3)=CC=C2N1CC1=CC=CC=C1,4.000712517431483
846,COC1=CC(OC)=CC(N(CC(=O)NC2=NC=CC(OC)=N2)C2=CC=C3N=CC(C4=CN(C)N=C4)=NC3=C2)=C1,4.588260857646567
847,CCO.CSC1=C(C2C(C#N)=C(N)N(C3=CC=CN=C3)C3=C2C(=O)CC(C)(C)C3)C=C(C)S1,4.3687802362576456
848,CCCCCCCCCCCCCC(=O)NC1=CC=CC=C1[N+](=O)[O-],2.095430032236435
849,CC(C)C(NC1=CC=C(CNC(=O)C2SCCN2C(=O)CC(N)CC2=CC(F)=C(F)C=C2F)C=C1)C(=O)O,4.792938421750414
850,CCCN1CCCN2C(=NC(CNC(=O)C3=C(C)ON=C3)=CC2=O)C1,4.631285643053696
851,CC1=NC2=CC=CC=C2N1C1CC2CCC(C1)N2CCC1(C2=CC=CC(F)=C2)CCN(C(=O)C2=CC(S(=O)(=O)NC3CC3)=C(F)C=C2Cl)CC1,4.999815091244761
852,C#CCC(NC(=O)C(CCC(=O)O)NC(=O)C(CC(C)C)NC(=O)CNC(=O)C(CCC(=O)O)NC(=O)C(CC(=O)O)NC(=O)C(CCC1=CC=CC=C1)NC(=O)CN=[N+]=[N-])C(N)=O,4.758878960381294
853,CC(=NNC1=NC(C2=CC3=CC=CC=C3OC2=O)=CS1)C1=CC2=CC=C(O)C=C2OC1=O,4.1185798751716085
854,COC1=CC=C(N2C(C3=CC=CC=C3)=CC(C3=CC=CS3)=C2C2=CC=CS2)C=C1,3.2139735073245017
855,CC(=O)NCCC1=CC=CC=C1C1=C(C(C)=O)C(C2CNCCC2(O)C2=CC=C(F)C(F)=C2)=NO1,4.451697255173309
856,COC(=O)N1CC(F)CC1C1=NC(C(=O)NCC2=CC=C(C)C(Cl)=C2)=C(O)C(=O)N1C,4.488889481725902
857,COC1=CC=CC(C2=NN=C(SCC(=O)NC3CCS(=O)(=O)C3)N2C)=C1,4.014527126202399
858,C1=CC=C2C(=C1)C=NN2NC1=CC=NC=C1,2.8904628943169977
859,CC(C)NC(=O)C1CCN(C(=O)C(C(=O)C2=CC=CC=C2)N2C=C(Cl)C=CC2=O)CC1,3.9623989565771893
860,CN(C)CCNC(=O)C1=CC2=C(NC3=CC=C(Cl)C=C32)C2=NC=CC=C12,4.394630102151016
861,CC1CCC(C(C)(C)OC2=CC=C(NC(=O)C3=CC=CC=C3)C=C2)CC1,3.169077031981201
862,COC1=CC2=NC=CC(CN3CCC4=C(C=CC=C4C(=O)NC4=CC=C(Cl)C(C(F)(F)F)=C4)C3)=C2C=C1OC,4.716072773268783
863,CCCCN(CCC)C1=CC(C)=NC2=C(C3=C(C)C=C(C)C=C3C)C=CC=C12,4.905425186997471
864,CC1=CC(C(=O)NC2=CC=CC=C2C(=O)O)=CC=C1NC(=O)COC1=CC=CC(C)=C1C,3.8326175041179646
865,CCOC(=O)C1=C(C=O)N(S(=O)(=O)C2=CC=CC=C2)C2=CC=C(Cl)C=C12,2.7079796288874523
866,CCCCCCC1=C(O)C(Cl)=CC2=C1OC1(C2=O)C(Cl)=C(Cl)C(=O)N1C,4.2140218529723805
867,CC1=CC2=C(C=C1S(=O)(=O)N(C)CC(=O)NC1=CC=C(C#N)C=C1)OCC(=O)N2,4.302211535120502
868,CC1=CC(C(=O)NC2=CC=C3OCC4OC(CC(=O)NCC5=CC=C(C6=CC=CC=C6)C=C5)CCC4N(C)C(=O)C3=C2)=NO1,4.996276451015136
869,CC(CC1=CC=CC(OCC2=CC=C3C=CC=CC3=N2)=C1)CC(C)C(=O)O,3.9770700715147296
870,C=CC(=O)NC1=CC=C(C2=C(CN(C)CC3=CC=CC=C3)N3C(=O)C(C(=O)OCC)=CN(CC4=C(F)C=CC=C4F)C3=N2)C=C1,4.519345712734026
871,CCOC1=CC=C2NC=C(SC3=CC(OC)=C(OC)C(OC)=C3)C2=C1,3.3280586956743456
872,CC(C)NC(=O)C1=CC=CC(CN2C(=O)C(=C(C3=CC=CC=C3)C3=CC=C(Cl)C=C3)C3=CC=CC=C32)=C1,4.272149925210455
873,CN(C)CCNCC1=CC=C(OC2CCCC2)C=C1,3.776420767109223
874,NC(=O)C1=C(C=O)N(S(=O)(=O)C2=CC=CC=C2)C2=CC=CC=C12,2.6927904448592495
875,O=C(O)CCCON=C(C1=CC=CC=C1)C1=NC=CC=N1,2.840754058239877
876,COC1=CC(N(CCC#N)CCC#N)=CC=C1C(N=NC1=CC=CC(C)=C1)=NNC(=O)C1=CC=C(C)C=C1,3.9417603805600603
877,N#CC1=CC=C(C(C2=CC=CC=C2)N2CCNCC2)C=C1,2.7260759706253266
878,O=C(C=CC1=CC=C(C(=O)C2=CC=CC=C2)C=C1)NO,2.644143155734234
879,CC(C)(C)CCC1(NCC2=CC=CC=C2)C(=O)C(C2=NS(=O)(=O)C3=CC(NS(C)(=O)=O)=CC=C3N2)=C(O)C2=CC=CC=C21,4.696492659175107
880,CC1=NC(CN(C)C2=NC3=C(C=NN3C(C)(C)C)C(=O)N2)=CS1,3.9643742535671134
881,CC(O)C1=NC2=CC=CC=C2N1CCCOC1=CC=CC=C1,3.540678451850976
882,CN1C=C(N)C(C2=CC=NC=C2)=N1,2.959079319370262
883,CCCCCCCCCNC1CCC2=CC=CC(O)=C2C1,4.0428876982255595
884,CC(=O)NCC1CCC(N2CC(NC(=O)CNC3=NC=NC4=CC=C(C(F)(F)F)C=C34)C2)CC1,4.968951389553516
885,CCCCC1=NC2=CC(C)=CC(C(=O)O)=C2N1CC1=CC=C(C2=CC=CC=C2C2=NNN=N2)C=C1,4.813811748143041
886,CC(C)=CCCC1(C)C=CC2=C(O1)C(CC=C(C)C)=C1OC34C(=CC5CC3C(C)(C)OC4(CC=C(C)C(=O)OCCCCN3CCNCC3)C5=O)C(=O)C1=C2O,4.739186044381425
887,CN1CCN(C2=CC(C(=O)NCCN(CCC(=O)NCCNC(=O)COC3=CC=C4N=CC=CC4=C3)CCC(=O)NCCNC(=O)COC3=CC=C4N=CC=CC4=C3)=C3N=C(C4=CC=C5N=C(C6=CC=C(O)C=C6)NC5=C4)NC3=C2)CC1,4.999999889841359
888,CCOC1=NN2C(C3=CC=C(OC4=NC=C(N=C(O)NC5=CC(C(F)(F)F)=CC=C5C5=CC=CN=C5)C=N4)C=C3)=CN=C2C=C1,4.9966030177986065
889,C=CC(C=CC1=CC=C(O)C=C1)C1=CC=C(OC)C(O)=C1,2.671849919364943
890,COC(=O)C12CC(C)C3C(C)C(C4=CC=CC=C4C31)N2C(=O)C(F)(F)F,3.0987564463839377
891,COC1=CC=CC=C1N1CCN(CCCC2=CC=CC=C2)CC1,3.533597745112482
892,CC1=CSC(C(=O)N2CCN(C(C3=CC=C(C#N)C=C3)C3=CC=CN=C3)CC2)=N1,4.116722117532468
893,CC1CCN(C(=O)C(CCN2C=CC=C2C#N)NS(=O)(=O)C2=CC(Cl)=C(N)C=C2Cl)CC1,4.649043134533831
894,O=C(NC1CC1)N1CCC2=C(CC1)N(CC1=CC=NC=C1)C(=O)C=C2,4.43204017942988
895,O=C(CCl)NC1CONC1=O,2.415897449428475
896,CC1=CC(NC(=O)CSC2=NN=C(C3=CC=C(S(=O)(=O)N4CCCC4)C=C3)N2C)=NO1,4.9999340087562505
897,CC1COC(=O)C(C)NC(=O)C(C)COC(=O)C(C)NC1=O,2.330892680189108
898,CC(C)(CO)N1C=C(C2=CC3=NC=C(C4=CC=CC(NC(=O)NCC(F)(F)F)=C4)N3C=C2)C=N1,4.98996692727011
899,COC1=CC=C2C3=C(NC2=C1)C(CO)N(CC1=CC=CC=C1F)CC31CN(C(=O)C2CCC2)C1,4.363638676438898
900,CC(C)(C)OC(=O)N1CC=C(C2=CN(S(=O)(=O)C3=CC=CC=C3)C3=CC=CC=C23)CC1,2.768248693663773
901,CCOC(=O)C1=C(O)C(=O)NC(C2=CC=CC=C2)=C(OCC)C1,2.5816340655708663
902,O=C(C=CC1=CSC=N1)C=CC1=CSC=N1,2.374432535248768
903,CC1=NOC(C2CC3CN(C(=O)C4CCOCC4)CCC3O2)=N1,4.495148348011278
904,CCOC(O)=C1C(C)=NC2(O)C3=CC=CC=C3C(=O)C12O,2.9114485421601515
905,CC1=NC(C(F)(F)F)=CC=C1C(=O)NC1=CC=C(Cl)C(C2=NC3=CC=CC=C3N2C)=C1,4.589720258221725
906,COC1=CC=C(C2=CC(=O)C3=C(O)C(OC)=C(OC4OC(CO)C(O)C(O)C4O)C=C3O2)C=C1,3.672901564227036
907,CC1=CC=C(NC(=O)C2=CC=C(CN3CCCN(CCC(C)C)CC3)C=C2)C=C1F,4.341379195385267
908,CC1=CC=CC=C1NCC(=O)N1CCCN(CC2=NC3=CC=CC=C3N2)CC1,4.299844692102022
909,CC(NC(=O)C1=CC=CN2CCS(=O)(=O)N=C12)C1=CC=C(Cl)C=C1Cl,4.373288515845291
910,O=C(NCC1=NN=NN1C1=CC=C(F)C=C1)C(=O)C1=CNC2=CC=CC=C12,3.6807640242397635
911,CC1=NC(C2=CC=CC=C2)=C(C(=O)N2CCN(C3=CC=C4OCOC4=C3)CC2)O1,4.226286874180423
912,CN1CCN(CC(=O)NC2=CC=C(SC3=C(O)N=C4C=CC(C(F)(F)F)=CC4=C3C3=CC(Cl)=CC=C3O)C=C2)CC1,4.818443299395966
913,CC(=NNC(=O)C1=C(Br)C(C)=NN1C)C1=CC=C(NC(=O)C2=C(C)OC=C2)C=C1,3.9817614332987774
914,CC(=O)OC12COC1CC(O)C1(C)C(=O)C(OC(=O)C3=CC=C4C=CC=CC4=C3)C3=C(C)C(OC(=O)C(O)C(C=C(C)C)NC(=O)OC(C)(C)C)CC(O)(C(OC(=O)C4=CC=CC=C4)C21)C3(C)C,4.024233082496053
915,N#CC1=CC=C(C2CCCCC2O)C=C1C(F)(F)F,3.052450628513199
916,CSC1=NC2=NC(C3=CC=CO3)=NN2C(NC(=O)NC2=CC=CC=C2)=N1,4.076448456040254
917,CN(C)C=CC(=O)C1=CC=CC=C1OCC1=CN=C(Cl)S1,3.0886824490929166
918,NC(=O)N1C2=CC=CC=C2C=C(N)C2=CC=CC=C21,2.2692370864997984
919,CCN(CC)S(=O)(=O)C1=CC=C(C(=O)N(C2=CC=C(C)C=C2)C2C=CS(=O)(=O)C2)C=C1,2.9548173000702818
920,CC1=CC=CC=C1N=C([S-])C(=C(O)C1=C(C)N(CC2=CC=CC=C2Cl)C(C)=C1)[N+]1=CC=CC=C1,3.7047159092973834
921,O=C(O)CC1CCN1CCC=C(C1=CC=CC=C1)C1=CC=CC=C1,3.487240800395837
922,CC1(C)C(CCO)CCC2C1CCC1(C)C(C#N)CCC21,2.9240437287851373
923,CCC(C)NC1=NC=NC2=C1C=NN2CC1=CC=C(Cl)C=C1,3.9043852731691433
924,CCCCN1C(C)=NC2=CC(S(=O)(=O)N3CCOCC3)=CC=C21,3.915510992908358
925,CC1=CC(OCC(O)CON=C(N)N)=CC(OS(=O)(=O)C2=CC=CC=C2S(C)(=O)=O)=C1,3.484066260172901
926,CCC1=CC(C2=CC=CC=C2)=CC(CC)=[N+]1C1=NNC=C1,3.1633326889379623
927,CC1=CC2OC3C(=O)C(OC(=O)CCl)C(C)(C2(COC(=O)CCl)CC1)C31CO1,2.9169703841286765
928,O=C(COC1=CC=CC=C1[N+](=O)[O-])NC1=CC=C(C2=NC3=CC(Cl)=CC=C3O2)C=C1,3.8089313345566573
929,CC(=O)C1=CC=C(C=CC2=CC3=C(C(=O)N(C)C(=O)N3C)N2C)C=C1,3.831699587953669
930,CC1=CC=CN2C(=O)C3=C(N=C12)N(C)C(C(=O)NC(C)(C)C)=C3,4.137083143109968
931,CC(C)CC1NC(=O)C(CC(=O)O)NC(=O)C(CO)NC(=O)C(CC(=O)O)NC(=O)C(CC2=CNC3=CC=CC=C23)NC1=O,3.8820373569262348
932,CC(NC1=NC=CC(N(CC2CCN(S(N)(=O)=O)CC2)C(=O)C2=CC=C3OCCC3=C2)=N1)C1=CC=CC=C1,4.861435339240417
933,CC1=CC=C2C=CC=CC2=C1CC1S(=O)(=O)OCCOS1(=O)=O,3.062018465765446
934,CC(NC(=O)C1=NN(C2=CC=C(Cl)C=C2Cl)C2=C1CCCCC2=CC1=CC=C(Cl)C=C1)C1=CC=CC=N1,4.638231245056509
935,CC(=O)NC(C)C#CC1=CN=C(OC2=CC=C(OCC(C)C)C=C2C=NO)S1,4.452854762741385
936,CC1=CC=C(Cl)C=C1NS(=O)(=O)C1=CC=C2SCCC(=O)NC2=C1,3.4679805837253315
937,CCCCC1(CCCC)CS(=O)(=O)C2=C(F)C=CC=C2C(C2=CC=C(F)C=C2)C1O,4.2103308059430224
938,N#CC1=C(SCC(=O)C2=CC=CC=C2)NC2=C(C(=O)CCC2)C1C1=CC=CO1,3.1282911918995056
939,OC1CN(C2CCN(C3=CC=C(NC4=NC=C5C6=CC=NC=C6N(C6CCCC6)C5=N4)N=N3)CC2)C1,4.98199941761048
940,CC1=CC(C2=CC=C(F)C=C2)=C(C=CC(O)CC(O)CC(=O)[O-])C(C(C)C)=[N+]1[O-],4.132392270522894
941,CSC1=NC2=C(Br)C=NN2C(OC(C)C)=N1,2.9392945760234515
942,CCN(CC)CCOC(=O)C1=CC=C(NC=C(C#N)C2=NC(C3=CC4=CC=CC=C4OC3=O)=CS2)C=C1,4.9844319336783185
943,CCCC1=NC(CC)=C(C(=O)OCC2=CC=CC=C2C2=CC=CC=N2)N1CC1=CC=C(C2=CC=CC=C2S(=O)(=O)NC(=O)OCCC(C)C)C=C1F,4.684756902245392
944,CC=C1CN2CCC3(O)C4=CC=CC=C4N4C=C(C(=O)OC)C1CC2C43O,3.1773707339540103
945,CC1CC2=NC(S)=NC(O)=C2C(C2=CC=C(C(C)C)C=C2)O1,3.4163309421411707
946,O=C(CN1C(=O)SC2=CC=C(Cl)C=C21)N1CCC(C(=O)N2CCC3=CC=CC=C3C2)CC1,4.533533631118162
947,CC(O)(C(=O)NC1=CC(C(=O)O)=CC=C1Cl)C(F)(F)F,2.7744073917195156
948,C=CC(=C)CCC(Br)C(C)(C)Cl,2.340084921558293
949,CC1=C(C(=O)NCCC2=CC=CN=C2)C=NN1C1=NC=CC(C2=CC=CC=C2F)=N1,4.391795273611334
950,CN(C)CC(C)(C)CNC1=NC=CC(C2=C(C3=CC=C(F)C=C3)N=C3OC=CN23)=N1,4.644057038146599
951,CC12CCN(C(=O)C3CCC(N=C(O)C4=CC=CC=C4)CC3)C(CC3=C(O)C=CC=C31)C2(C)C,3.8496064337706533
952,CCOC(=O)C1=CN=C(NC(=O)C(CC2CCCC2)C2=CC=C(Cl)C(Cl)=C2)S1,3.567631714041227
953,CN(C)C(=O)C=CC=CC1=CC=C2OCOC2=C1,2.173550966944104
954,CCCCC1=NN(C2=CC=CC=C2C(F)(F)F)C(=O)N1CC1=CC=C(C2=CC=CC=C2S(=O)(=O)NC(=O)OCC(C)C)C=C1,4.947330694924966
955,CCCCCC(C)N1CC(COCC2=CC=CC=C2)OC2=CC(N3CCCC3C(N)=O)=CC=C2S1(=O)=O,3.9842884082197325
956,CCOC(=O)C1=CC=CC(NC(=O)N2CC(CC)SC3=CC=CC=C32)=C1,3.6161225316423544
957,CC(C)(N)C(=O)NC(CC1=CNC2=CC=CC=C12)C(=O)N1CCC2(CC1)CC(=O)C1=CC=CC=C12,4.102965114700411
958,O=C(NC1=NCCS1)C12CC3CC(C1)CC(C(=O)NC1=NCCS1)(C3)C2,2.579335727989776
959,C=C1C(OC(C)=O)C(OC(C)=O)C(OC(C)=O)C(C)(C)C=CC(C)C(=O)C2(OC(C)=O)CC(C)(OC(=O)C3=CC=CC=C3)C(OC(C)=O)C2C1OC(C)=O,3.7833689863098456
960,CNC1=CC=CC2=C1C(=O)N(C1=CC=CC=C1)C(C(C)NC(=O)C1=C3N=CC=CN3N=C1N)=C2,4.862419966436905
961,CC1=CN(C2COC(COC(=O)C(N)C(C)C)O2)C(=O)NC1=O,3.4649792935383186
962,CC1=C(CCC(=O)C2=CC=C(CC3OC(=O)NC3=O)C=C2)N=C(C2=CC=CC=C2)O1,4.309096729585819
963,CN1C(C(F)(F)F)=NC2=C1CCN(C(=O)CC(N)CC1=CC(F)=C(F)C=C1F)C2CC1=CC=CC=C1,4.718945319411162
964,CC1=CC=CC2=C1C(=O)N(CCCCN1C=CN=C1)C2=O,3.1970419136124546
965,CC(C)CC(N)CNO,2.3865146879436847
966,CCOC(=O)CCCCC(=O)C1=C(C[N+]2=CC=CC=C2)N=C(O)N1,2.11942337514744
967,CNC(C)C(=O)NC1C(=O)N(CC2=C(C)C=CC3=CC=CC=C23)C2=CC=CC=C2OC12CCOCC2,4.992455501864795
968,CSCCC(NC(=O)C1CCCN1C(=O)C(CO)NC(=O)C(C)N)C(=O)NC(CC(C)C)C(=O)NC(C(=O)NC(C)C(=O)NC(CC1=CC=C(O)C=C1)C(=O)NC(CC(=O)O)C(=O)NC(C)C(=O)O)C(C)C,4.765762832470378
969,CCNC(=S)NCCCNCCCCNCCCNC(=S)NCC,2.921439823465862
970,COC1=CC=C(S(=O)(=O)N2CCCC2C(=O)NC(C#N)CC(N)=O)C=C1,3.7918817364132624
971,CC1=CC(NC(=O)C2=CC=CC=C2)=CC=C1NC(=O)CC1=CC=CC=C1,2.8989461299959642
972,COC1=CC(CNC2=CC=CC=C2Cl)=CC=C1OCC(=O)O,2.6976534876063836
973,C1=CC=C(C[N+]2=CC=CC3=CC=CC=C32)C=C1,1.4759611842435376
974,CN(C)S(=O)(=O)N(CC(=O)NC1=CC=CC(F)=C1)C1=CC=CC=C1,3.1744951339253378
975,COC1=CC=C(N2CC(C)NC(C)C2)C=C1NS(=O)(=O)C1=CC=C(C2=CC=NC=C2)C=C1,3.8104681018225532
976,NC(=O)C1=C(NC(=O)CN2CCN(S(=O)(=O)C3=CC=C4OCCOC4=C3)CC2)SC2=C1CCCC2,4.622561834832828
977,COC1=CC=C(C2=CC=C(CC(=O)N3CCC4=CC(OC)=C(OC)C=C4C3)C=C2)C=C1,3.5241078113244044
978,COC1=CC(CC2=CN=C(N)N=C2N)=CC(OC)=C1N(C)C,3.8643854470800894
979,COC(=O)C1=CC=C(NC(=O)C2=CC=C(C(=O)NC3=CC=C(C(=O)OC)C=C3)C=C2)C=C1,1.8307799601245653
980,O=C(O)C1=NN2C(=C1)C1=CC=C(Cl)C=C1NC2C(=O)O,3.5507311159704313
981,O=C1C(C2=CC=NC3=CC=CC=C23)=C(O)C2=CC=CC=C12,3.046797225450582
982,N#CC1=CC=C(COC2=CC=C(S(=O)(=O)N3CCC(O)CC3C(=O)NO)C=C2)C=C1,4.370759320443826
983,CC1=CC(C2=NNC3=CC=C(C(O)=NC4CCCC(CN5C=C6C=CC=NC6=N5)C4)C=C23)=CC=N1,4.898918619680998
984,COC1=CC(C(=O)NNC(=O)C2=CC=C3OCCOC3=C2)=CC(OC)=C1OC,2.8430977810020144
985,CC1=CC=C(C2=C(C=NN=C(N)N)N3CCSC3=N2)C=C1,4.385611117159495
986,O=C(NC1=CC=CN=C1)C1=CSC(C2=C(F)C=CC=C2F)=N1,3.6249008546793973
987,CC(C)CNC1=NC(C#CC2=CC=CC=C2F)=CN2C(C3=CC=C(C(=O)NC4CC4)C=C3)=CN=C12,4.868298925705703
988,CCC1=C(C(=O)NC2CCCCC2O)N=C(C2=CC=CC=C2Cl)N1C1=CC=C(Cl)C=C1,4.218946736883119
989,CCN(CC)C1=NC=C(N(CCC2=CC=CC=C2)S(C)(=O)=O)C(NC(CC2=CC=C(OC(=O)N3CCCC3)C=C2)C(=O)O)=N1,4.999375186107748
990,COC1=CC2=CC=C3C(CCN(C)C)=CC(OC)=C(OC)C3=C2C=C1OC,4.515991751541163
991,CCC(C)C(NC(=O)C(CC(=O)O)NC(=O)C(CC1=CC=CC=C1)NC(=O)C(CC1=CC=CC=C1)NC(C)=O)C(=O)NC(C(=O)NC(CC1=CNC2=CC=CC=C12)C(=O)O)C(C)CC,4.336632432573827
992,CCOC(=O)CCNC(=O)NC1=CC2=C(C=C1Cl)NC(=O)N1N=C(C(=O)OCC)C(C(=O)OCC)=C21,4.117889122787755
993,C=CCN(CC=C)C(=O)C(=O)C1=CN(C2=C(C(=O)OC)SC=C2C)C=C1,2.932264879593748
994,CCN1CCN(C(=O)NC(CC2=CC=C(O)C=C2)C(=O)NCB2OC(C)(C)C(C)(C)O2)C(=O)C1=O,3.8369686954050986
995,CNC1=CC=CC(C2=NC=C(C)C3=NC(NC)=NN23)=C1,4.182374328331193
996,CC(C)CC1=CN=C2N=C(N)N=C(N)C2=C1,3.633968240202598
997,CN1CCC2=CC=C(Cl)C3=C2C(CCCC3)C1,4.085699569174228
998,O=C(NC1COC2(CCN(CC3=CC=CS3)CC2)C1)C1=CC=CC=N1,3.8868648393543195
999,COCCN1C=C(C2=C(C)N=C3C(N4CCCC4)=NC=CN23)C=N1,4.591499668440302
